,Leading Cause,Sex,Race Ethnicity,Deaths
0,"Nephritis, Nephrotic Syndrome and Nephrisis (N00-N07, N17-N19, N25-N27)",F,Other Race/ Ethnicity,.
1,Influenza (Flu) and Pneumonia (J09-J18),F,Hispanic,204
2,"Assault (Homicide: Y87.1, X85-Y09)",M,Other Race/ Ethnicity,.
3,"Essential Hypertension and Renal Diseases (I10, I12)",F,,5
4,Cerebrovascular Disease (Stroke: I60-I69),F,White Non-Hispanic,418
5,"Essential Hypertension and Renal Diseases (I10, I12)",M,Asian and Pacific Islander,26
6,Influenza (Flu) and Pneumonia (J09-J18),M,White Non-Hispanic,618
7,"Assault (Homicide: Y87.1, X85-Y09)",M,Black Non-Hispanic,267
8,All Other Causes,M,,139
9,Cerebrovascular Disease (Stroke: I60-I69),M,Hispanic,124
10,"Essential Hypertension and Renal Diseases (I10, I12)",F,Black Non-Hispanic,166
11,"Mental and Behavioral Disorders due to Accidental Poisoning and Other Psychoactive Substance Use (F11-F16, F18-F19, X40-X42, X44)",M,,5
12,"Accidents Except Drug Posioning (V01-X39, X43, X45-X59, Y85-Y86)",M,Asian and Pacific Islander,56
13,"Intentional Self-Harm (Suicide: X60-X84, Y87.0)",M,,.
14,Chronic Lower Respiratory Diseases (J40-J47),M,Hispanic,132
15,All Other Causes,M,Asian and Pacific Islander,395
16,Diabetes Mellitus (E10-E14),M,White Non-Hispanic,292
17,"Essential Hypertension and Renal Diseases (I10, I12)",F,Black Non-Hispanic,240
18,"Diseases of Heart (I00-I09, I11, I13, I20-I51)",M,Black Non-Hispanic,1840
19,"Diseases of Heart (I00-I09, I11, I13, I20-I51)",M,Other Race/ Ethnicity,39
20,Alzheimer's Disease (G30),F,Hispanic,142
21,"Accidents Except Drug Posioning (V01-X39, X43, X45-X59, Y85-Y86)",M,Black Non-Hispanic,134
22,Certain Conditions originating in the Perinatal Period (P00-P96),M,Other Race/ Ethnicity,.
23,Malignant Neoplasms (Cancer: C00-C97),F,Other Race/ Ethnicity,33
24,"Essential Hypertension and Renal Diseases (I10, I12)",F,Black Non-Hispanic,252
25,"Diseases of Heart (I00-I09, I11, I13, I20-I51)",M,Hispanic,1354
26,Viral Hepatitis (B15-B19),F,Asian and Pacific Islander,15
27,Human Immunodeficiency Virus Disease (HIV: B20-B24),M,,8
28,Malignant Neoplasms (Cancer: C00-C97),M,Black Non-Hispanic,1563
29,All Other Causes,F,White Non-Hispanic,1680
30,Human Immunodeficiency Virus Disease (HIV: B20-B24),F,Black Non-Hispanic,248
31,Cerebrovascular Disease (Stroke: I60-I69),M,Hispanic,165
32,All Other Causes,M,Other Race/ Ethnicity,24
33,All Other Causes,M,,38
34,Human Immunodeficiency Virus Disease (HIV: B20-B24),M,,9
35,"Accidents Except Drug Posioning (V01-X39, X43, X45-X59, Y85-Y86)",F,Hispanic,68
36,"Accidents Except Drug Posioning (V01-X39, X43, X45-X59, Y85-Y86)",M,,.
37,Chronic Lower Respiratory Diseases (J40-J47),M,,.
38,Malignant Neoplasms (Cancer: C00-C97),F,Other Race/ Ethnicity,29
39,All Other Causes,M,Other Race/ Ethnicity,42
40,"Diseases of Heart (I00-I09, I11, I13, I20-I51)",F,Other Race/ Ethnicity,48
41,"Mental and Behavioral Disorders due to Accidental Poisoning and Other Psychoactive Substance Use (F11-F16, F18-F19, X40-X42, X44)",F,Hispanic,56
42,All Other Causes,F,Other Race/ Ethnicity,38
43,"Accidents Except Drug Posioning (V01-X39, X43, X45-X59, Y85-Y86)",M,White Non-Hispanic,272
44,"Diseases of Heart (I00-I09, I11, I13, I20-I51)",M,,94
45,Septicemia (A40-A41),F,,.
46,"Accidents Except Drug Posioning (V01-X39, X43, X45-X59, Y85-Y86)",F,Hispanic,60
47,All Other Causes,F,,18
48,Malignant Neoplasms (Cancer: C00-C97),M,,60
49,"Chronic Liver Disease and Cirrhosis (K70, K73)",M,Asian and Pacific Islander,20
50,Chronic Lower Respiratory Diseases (J40-J47),M,Asian and Pacific Islander,73
51,Chronic Lower Respiratory Diseases (J40-J47),F,Asian and Pacific Islander,30
52,"Diseases of Heart (I00-I09, I11, I13, I20-I51)",M,White Non-Hispanic,4495
53,"Accidents Except Drug Posioning (V01-X39, X43, X45-X59, Y85-Y86)",M,Other Race/ Ethnicity,12
54,Influenza (Flu) and Pneumonia (J09-J18),F,White Non-Hispanic,622
55,Malignant Neoplasms (Cancer: C00-C97),F,Hispanic,969
56,"Nephritis, Nephrotic Syndrome and Nephrisis (N00-N07, N17-N19, N25-N27)",F,Asian and Pacific Islander,13
57,Cerebrovascular Disease (Stroke: I60-I69),M,White Non-Hispanic,227
58,Alzheimer's Disease (G30),F,Asian and Pacific Islander,14
59,Malignant Neoplasms (Cancer: C00-C97),F,,51
60,"Mental and Behavioral Disorders due to Accidental Poisoning and Other Psychoactive Substance Use (F11-F16, F18-F19, X40-X42, X44)",F,,6
61,Cerebrovascular Disease (Stroke: I60-I69),F,Other Race/ Ethnicity,.
62,"Diseases of Heart (I00-I09, I11, I13, I20-I51)",F,Other Race/ Ethnicity,50
63,Certain Conditions originating in the Perinatal Period (P00-P96),M,Other Race/ Ethnicity,.
64,Influenza (Flu) and Pneumonia (J09-J18),F,Other Race/ Ethnicity,6
65,Malignant Neoplasms (Cancer: C00-C97),M,Asian and Pacific Islander,473
66,"Essential Hypertension and Renal Diseases (I10, I12)",F,Asian and Pacific Islander,39
67,Septicemia (A40-A41),F,,.
68,All Other Causes,M,White Non-Hispanic,2034
69,"Mental and Behavioral Disorders due to Accidental Poisoning and Other Psychoactive Substance Use (F11-F16, F18-F19, X40-X42, X44)",M,,7
70,"Intentional Self-Harm (Suicide: X60-X84, Y87.0)",F,Other Race/ Ethnicity,5
71,All Other Causes,M,Hispanic,1069
72,Human Immunodeficiency Virus Disease (HIV: B20-B24),F,,.
73,"Accidents Except Drug Posioning (V01-X39, X43, X45-X59, Y85-Y86)",F,,.
74,"Diseases of Heart (I00-I09, I11, I13, I20-I51)",M,White Non-Hispanic,5168
75,Diabetes Mellitus (E10-E14),M,Other Race/ Ethnicity,8
76,Chronic Lower Respiratory Diseases (J40-J47),M,,15
77,Cerebrovascular Disease (Stroke: I60-I69),F,Other Race/ Ethnicity,7
78,Diabetes Mellitus (E10-E14),M,White Non-Hispanic,237
79,"Accidents Except Drug Posioning (V01-X39, X43, X45-X59, Y85-Y86)",F,Hispanic,71
80,All Other Causes,F,Asian and Pacific Islander,182
81,Diabetes Mellitus (E10-E14),M,Black Non-Hispanic,307
82,Influenza (Flu) and Pneumonia (J09-J18),M,,14
83,Certain Conditions originating in the Perinatal Period (P00-P96),F,,5
84,Septicemia (A40-A41),F,White Non-Hispanic,107
85,Malignant Neoplasms (Cancer: C00-C97),M,Hispanic,1013
86,Chronic Lower Respiratory Diseases (J40-J47),M,Black Non-Hispanic,137
87,Cerebrovascular Disease (Stroke: I60-I69),F,Black Non-Hispanic,281
88,"Essential Hypertension and Renal Diseases (I10, I12)",F,Hispanic,84
89,"Diseases of Heart (I00-I09, I11, I13, I20-I51)",F,Black Non-Hispanic,2194
90,Alzheimer's Disease (G30),F,Black Non-Hispanic,88
91,Malignant Neoplasms (Cancer: C00-C97),M,Other Race/ Ethnicity,33
92,Chronic Lower Respiratory Diseases (J40-J47),F,Black Non-Hispanic,258
93,"Chronic Liver Disease and Cirrhosis (K70, K73)",M,Asian and Pacific Islander,29
94,Diabetes Mellitus (E10-E14),M,Asian and Pacific Islander,71
95,Diabetes Mellitus (E10-E14),F,Other Race/ Ethnicity,7
96,"Mental and Behavioral Disorders due to Accidental Poisoning and Other Psychoactive Substance Use (F11-F16, F18-F19, X40-X42, X44)",F,Black Non-Hispanic,87
97,"Nephritis, Nephrotic Syndrome and Nephrisis (N00-N07, N17-N19, N25-N27)",M,Other Race/ Ethnicity,.
98,"Diseases of Heart (I00-I09, I11, I13, I20-I51)",M,Hispanic,1327
99,Malignant Neoplasms (Cancer: C00-C97),F,Black Non-Hispanic,1918
100,"Assault (Homicide: Y87.1, X85-Y09)",M,Other Race/ Ethnicity,.
101,Influenza (Flu) and Pneumonia (J09-J18),F,,8
102,Malignant Neoplasms (Cancer: C00-C97),F,,36
103,Alzheimer's Disease (G30),F,,.
104,"Accidents Except Drug Posioning (V01-X39, X43, X45-X59, Y85-Y86)",M,Other Race/ Ethnicity,.
105,Malignant Neoplasms (Cancer: C00-C97),M,Asian and Pacific Islander,633
106,Human Immunodeficiency Virus Disease (HIV: B20-B24),M,Other Race/ Ethnicity,10
107,Diabetes Mellitus (E10-E14),F,Asian and Pacific Islander,57
108,Chronic Lower Respiratory Diseases (J40-J47),F,Hispanic,168
109,Alzheimer's Disease (G30),F,,.
110,"Nephritis, Nephrotic Syndrome and Nephrisis (N00-N07, N17-N19, N25-N27)",F,Black Non-Hispanic,83
111,Cerebrovascular Disease (Stroke: I60-I69),M,White Non-Hispanic,276
112,Human Immunodeficiency Virus Disease (HIV: B20-B24),F,Black Non-Hispanic,136
113,Diabetes Mellitus (E10-E14),M,Black Non-Hispanic,279
114,Influenza (Flu) and Pneumonia (J09-J18),M,Asian and Pacific Islander,108
115,Malignant Neoplasms (Cancer: C00-C97),M,White Non-Hispanic,3184
116,Cerebrovascular Disease (Stroke: I60-I69),F,Black Non-Hispanic,271
117,"Diseases of Heart (I00-I09, I11, I13, I20-I51)",F,Asian and Pacific Islander,437
118,Cerebrovascular Disease (Stroke: I60-I69),M,Hispanic,147
119,"Essential Hypertension and Renal Diseases (I10, I12)",M,Asian and Pacific Islander,30
120,Chronic Lower Respiratory Diseases (J40-J47),M,Asian and Pacific Islander,61
121,"Essential Hypertension and Renal Diseases (I10, I12)",M,Other Race/ Ethnicity,.
122,Cerebrovascular Disease (Stroke: I60-I69),F,Other Race/ Ethnicity,.
123,All Other Causes,M,Hispanic,1193
124,All Other Causes,M,Black Non-Hispanic,1375
125,"Mental and Behavioral Disorders due to Accidental Poisoning and Other Psychoactive Substance Use (F11-F16, F18-F19, X40-X42, X44)",M,Black Non-Hispanic,163
126,Influenza (Flu) and Pneumonia (J09-J18),M,Asian and Pacific Islander,102
127,Influenza (Flu) and Pneumonia (J09-J18),M,Asian and Pacific Islander,94
128,Diabetes Mellitus (E10-E14),F,Black Non-Hispanic,410
129,Diabetes Mellitus (E10-E14),F,Hispanic,219
130,"Diseases of Heart (I00-I09, I11, I13, I20-I51)",F,Black Non-Hispanic,2269
131,Cerebrovascular Disease (Stroke: I60-I69),M,Other Race/ Ethnicity,.
132,All Other Causes,M,Hispanic,1195
133,Cerebrovascular Disease (Stroke: I60-I69),M,White Non-Hispanic,245
134,"Mental and Behavioral Disorders due to Accidental Poisoning and Other Psychoactive Substance Use (F11-F16, F18-F19, X40-X42, X44)",M,Hispanic,145
135,Chronic Lower Respiratory Diseases (J40-J47),F,Black Non-Hispanic,188
136,Malignant Neoplasms (Cancer: C00-C97),M,Other Race/ Ethnicity,29
137,Cerebrovascular Disease (Stroke: I60-I69),F,White Non-Hispanic,390
138,Malignant Neoplasms (Cancer: C00-C97),F,Other Race/ Ethnicity,43
139,"Assault (Homicide: Y87.1, X85-Y09)",M,Black Non-Hispanic,186
140,Cerebrovascular Disease (Stroke: I60-I69),M,White Non-Hispanic,285
141,"Accidents Except Drug Posioning (V01-X39, X43, X45-X59, Y85-Y86)",M,Asian and Pacific Islander,53
142,"Nephritis, Nephrotic Syndrome and Nephrisis (N00-N07, N17-N19, N25-N27)",F,Black Non-Hispanic,93
143,"Chronic Liver Disease and Cirrhosis (K70, K73)",M,Hispanic,119
144,"Diseases of Heart (I00-I09, I11, I13, I20-I51)",F,White Non-Hispanic,7050
145,Cerebrovascular Disease (Stroke: I60-I69),M,Hispanic,129
146,"Intentional Self-Harm (Suicide: X60-X84, Y87.0)",M,White Non-Hispanic,199
147,Malignant Neoplasms (Cancer: C00-C97),F,Hispanic,1097
148,Diabetes Mellitus (E10-E14),F,,9
149,"Diseases of Heart (I00-I09, I11, I13, I20-I51)",M,Black Non-Hispanic,2068
150,"Mental and Behavioral Disorders due to Accidental Poisoning and Other Psychoactive Substance Use (F11-F16, F18-F19, X40-X42, X44)",F,Other Race/ Ethnicity,.
151,"Accidents Except Drug Posioning (V01-X39, X43, X45-X59, Y85-Y86)",M,White Non-Hispanic,271
152,Malignant Neoplasms (Cancer: C00-C97),F,Other Race/ Ethnicity,66
153,"Diseases of Heart (I00-I09, I11, I13, I20-I51)",M,Other Race/ Ethnicity,52
154,"Intentional Self-Harm (Suicide: X60-X84, Y87.0)",M,Asian and Pacific Islander,49
155,Diabetes Mellitus (E10-E14),M,,9
156,Diabetes Mellitus (E10-E14),F,White Non-Hispanic,258
157,"Accidents Except Drug Posioning (V01-X39, X43, X45-X59, Y85-Y86)",F,Asian and Pacific Islander,36
158,Septicemia (A40-A41),M,,8
159,"Diseases of Heart (I00-I09, I11, I13, I20-I51)",F,White Non-Hispanic,6297
160,All Other Causes,M,Asian and Pacific Islander,221
161,"Accidents Except Drug Posioning (V01-X39, X43, X45-X59, Y85-Y86)",F,Asian and Pacific Islander,42
162,Cerebrovascular Disease (Stroke: I60-I69),F,Hispanic,179
163,"Diseases of Heart (I00-I09, I11, I13, I20-I51)",F,White Non-Hispanic,4535
164,Human Immunodeficiency Virus Disease (HIV: B20-B24),M,,10
165,Cerebrovascular Disease (Stroke: I60-I69),F,,.
166,Influenza (Flu) and Pneumonia (J09-J18),F,,6
167,"Mental and Behavioral Disorders due to Accidental Poisoning and Other Psychoactive Substance Use (F11-F16, F18-F19, X40-X42, X44)",M,White Non-Hispanic,227
168,All Other Causes,M,Black Non-Hispanic,1341
169,All Other Causes,M,White Non-Hispanic,2316
170,Diabetes Mellitus (E10-E14),F,White Non-Hispanic,229
171,Malignant Neoplasms (Cancer: C00-C97),F,White Non-Hispanic,3187
172,Chronic Lower Respiratory Diseases (J40-J47),F,,.
173,Chronic Lower Respiratory Diseases (J40-J47),F,Asian and Pacific Islander,29
174,Cerebrovascular Disease (Stroke: I60-I69),M,Other Race/ Ethnicity,5
175,"Essential Hypertension and Renal Diseases (I10, I12)",F,Other Race/ Ethnicity,.
176,Malignant Neoplasms (Cancer: C00-C97),F,,41
177,Cerebrovascular Disease (Stroke: I60-I69),F,Hispanic,168
178,"Mental and Behavioral Disorders due to Accidental Poisoning and Other Psychoactive Substance Use (F11-F16, F18-F19, X40-X42, X44)",F,Other Race/ Ethnicity,.
179,Cerebrovascular Disease (Stroke: I60-I69),M,Hispanic,140
180,Chronic Lower Respiratory Diseases (J40-J47),F,Asian and Pacific Islander,27
181,Human Immunodeficiency Virus Disease (HIV: B20-B24),F,Black Non-Hispanic,227
182,"Intentional Self-Harm (Suicide: X60-X84, Y87.0)",M,White Non-Hispanic,195
183,Cerebrovascular Disease (Stroke: I60-I69),F,Other Race/ Ethnicity,8
184,"Chronic Liver Disease and Cirrhosis (K70, K73)",M,Hispanic,164
185,"Assault (Homicide: Y87.1, X85-Y09)",M,Black Non-Hispanic,235
186,Malignant Neoplasms (Cancer: C00-C97),M,Other Race/ Ethnicity,12
187,"Accidents Except Drug Posioning (V01-X39, X43, X45-X59, Y85-Y86)",F,Other Race/ Ethnicity,.
188,"Accidents Except Drug Posioning (V01-X39, X43, X45-X59, Y85-Y86)",M,,10
189,All Other Causes,F,White Non-Hispanic,2445
190,Cerebrovascular Disease (Stroke: I60-I69),F,Black Non-Hispanic,245
191,All Other Causes,M,Other Race/ Ethnicity,25
192,Cerebrovascular Disease (Stroke: I60-I69),M,White Non-Hispanic,249
193,"Essential Hypertension and Renal Diseases (I10, I12)",F,,7
194,"Essential Hypertension and Renal Diseases (I10, I12)",M,White Non-Hispanic,156
195,Cerebrovascular Disease (Stroke: I60-I69),M,Black Non-Hispanic,191
196,"Mental and Behavioral Disorders due to Accidental Poisoning and Other Psychoactive Substance Use (F11-F16, F18-F19, X40-X42, X44)",F,White Non-Hispanic,88
197,"Diseases of Heart (I00-I09, I11, I13, I20-I51)",M,White Non-Hispanic,4085
198,Human Immunodeficiency Virus Disease (HIV: B20-B24),M,,8
199,Chronic Lower Respiratory Diseases (J40-J47),M,Asian and Pacific Islander,55
200,"Accidents Except Drug Posioning (V01-X39, X43, X45-X59, Y85-Y86)",M,White Non-Hispanic,272
201,All Other Causes,F,Other Race/ Ethnicity,15
202,Influenza (Flu) and Pneumonia (J09-J18),F,,11
203,"Diseases of Heart (I00-I09, I11, I13, I20-I51)",M,Hispanic,1251
204,All Other Causes,F,Other Race/ Ethnicity,19
205,"Chronic Liver Disease and Cirrhosis (K70, K73)",F,,.
206,All Other Causes,F,Black Non-Hispanic,1473
207,Cerebrovascular Disease (Stroke: I60-I69),F,White Non-Hispanic,379
208,Diabetes Mellitus (E10-E14),M,Hispanic,192
209,Chronic Lower Respiratory Diseases (J40-J47),M,Other Race/ Ethnicity,.
210,"Accidents Except Drug Posioning (V01-X39, X43, X45-X59, Y85-Y86)",M,,16
211,"Intentional Self-Harm (Suicide: X60-X84, Y87.0)",M,Other Race/ Ethnicity,6
212,"Essential Hypertension and Renal Diseases (I10, I12)",F,Asian and Pacific Islander,29
213,All Other Causes,M,Hispanic,988
214,Certain Conditions originating in the Perinatal Period (P00-P96),F,Other Race/ Ethnicity,.
215,Human Immunodeficiency Virus Disease (HIV: B20-B24),M,Hispanic,162
216,Influenza (Flu) and Pneumonia (J09-J18),F,Black Non-Hispanic,285
217,All Other Causes,M,White Non-Hispanic,1818
218,"Congenital Malformations, Deformations, and Chromosomal Abnormalities (Q00-Q99)",M,,.
219,All Other Causes,M,White Non-Hispanic,1824
220,"Accidents Except Drug Posioning (V01-X39, X43, X45-X59, Y85-Y86)",M,Asian and Pacific Islander,63
221,"Intentional Self-Harm (Suicide: X60-X84, Y87.0)",M,Other Race/ Ethnicity,.
222,"Diseases of Heart (I00-I09, I11, I13, I20-I51)",F,,43
223,Cerebrovascular Disease (Stroke: I60-I69),F,,13
224,"Accidents Except Drug Posioning (V01-X39, X43, X45-X59, Y85-Y86)",M,,11
225,"Essential Hypertension and Renal Diseases (I10, I12)",F,White Non-Hispanic,215
226,All Other Causes,M,Asian and Pacific Islander,333
227,"Essential Hypertension and Renal Diseases (I10, I12)",M,Other Race/ Ethnicity,5
228,Cerebrovascular Disease (Stroke: I60-I69),F,Black Non-Hispanic,279
229,Diabetes Mellitus (E10-E14),F,Hispanic,196
230,Influenza (Flu) and Pneumonia (J09-J18),M,White Non-Hispanic,530
231,"Chronic Liver Disease and Cirrhosis (K70, K73)",M,Hispanic,143
232,Certain Conditions originating in the Perinatal Period (P00-P96),M,Asian and Pacific Islander,19
233,Chronic Lower Respiratory Diseases (J40-J47),M,Asian and Pacific Islander,46
234,"Mental and Behavioral Disorders due to Accidental Poisoning and Other Psychoactive Substance Use (F11-F16, F18-F19, X40-X42, X44)",M,,10
235,Chronic Lower Respiratory Diseases (J40-J47),F,Asian and Pacific Islander,30
236,Atherosclerosis (I70),F,Other Race/ Ethnicity,.
237,Cerebrovascular Disease (Stroke: I60-I69),F,,10
238,"Mental and Behavioral Disorders due to Accidental Poisoning and Other Psychoactive Substance Use (F11-F16, F18-F19, X40-X42, X44)",M,Hispanic,145
239,"Mental and Behavioral Disorders due to Accidental Poisoning and Other Psychoactive Substance Use (F11-F16, F18-F19, X40-X42, X44)",M,Black Non-Hispanic,135
240,Cerebrovascular Disease (Stroke: I60-I69),F,Asian and Pacific Islander,98
241,Certain Conditions originating in the Perinatal Period (P00-P96),F,Other Race/ Ethnicity,.
242,"Essential Hypertension and Renal Diseases (I10, I12)",F,White Non-Hispanic,155
243,Human Immunodeficiency Virus Disease (HIV: B20-B24),M,Hispanic,189
244,Influenza (Flu) and Pneumonia (J09-J18),M,Other Race/ Ethnicity,.
245,Chronic Lower Respiratory Diseases (J40-J47),M,White Non-Hispanic,352
246,All Other Causes,F,Asian and Pacific Islander,220
247,"Diseases of Heart (I00-I09, I11, I13, I20-I51)",F,Black Non-Hispanic,2365
248,Chronic Lower Respiratory Diseases (J40-J47),M,,6
249,Malignant Neoplasms (Cancer: C00-C97),M,Hispanic,1057
250,All Other Causes,F,Black Non-Hispanic,1230
251,"Essential Hypertension and Renal Diseases (I10, I12)",F,,.
252,"Chronic Liver Disease and Cirrhosis (K70, K73)",M,Other Race/ Ethnicity,10
253,Alzheimer's Disease (G30),F,,.
254,"Essential Hypertension and Renal Diseases (I10, I12)",M,Asian and Pacific Islander,31
255,"Nephritis, Nephrotic Syndrome and Nephrisis (N00-N07, N17-N19, N25-N27)",F,Black Non-Hispanic,75
256,"Chronic Liver Disease and Cirrhosis (K70, K73)",M,Other Race/ Ethnicity,.
257,"Diseases of Heart (I00-I09, I11, I13, I20-I51)",F,Hispanic,1349
258,Malignant Neoplasms (Cancer: C00-C97),M,Asian and Pacific Islander,550
259,"Mental and Behavioral Disorders due to Accidental Poisoning and Other Psychoactive Substance Use (F11-F16, F18-F19, X40-X42, X44)",M,White Non-Hispanic,254
260,Influenza (Flu) and Pneumonia (J09-J18),M,,11
261,"Chronic Liver Disease and Cirrhosis (K70, K73)",F,,.
262,"Accidents Except Drug Posioning (V01-X39, X43, X45-X59, Y85-Y86)",F,White Non-Hispanic,166
263,All Other Causes,F,White Non-Hispanic,2595
264,Chronic Lower Respiratory Diseases (J40-J47),F,Other Race/ Ethnicity,.
265,Alzheimer's Disease (G30),F,White Non-Hispanic,231
266,Malignant Neoplasms (Cancer: C00-C97),M,White Non-Hispanic,3132
267,"Mental and Behavioral Disorders due to Accidental Poisoning and Other Psychoactive Substance Use (F11-F16, F18-F19, X40-X42, X44)",F,White Non-Hispanic,75
268,Malignant Neoplasms (Cancer: C00-C97),F,Asian and Pacific Islander,467
269,"Chronic Liver Disease and Cirrhosis (K70, K73)",M,Asian and Pacific Islander,31
270,Alzheimer's Disease (G30),F,Hispanic,120
271,Cerebrovascular Disease (Stroke: I60-I69),F,White Non-Hispanic,382
272,Cerebrovascular Disease (Stroke: I60-I69),M,Other Race/ Ethnicity,7
273,Influenza (Flu) and Pneumonia (J09-J18),F,Asian and Pacific Islander,73
274,"Intentional Self-Harm (Suicide: X60-X84, Y87.0)",F,Asian and Pacific Islander,17
275,"Accidents Except Drug Posioning (V01-X39, X43, X45-X59, Y85-Y86)",F,Other Race/ Ethnicity,.
276,Chronic Lower Respiratory Diseases (J40-J47),M,Asian and Pacific Islander,72
277,Cerebrovascular Disease (Stroke: I60-I69),M,Other Race/ Ethnicity,.
278,"Essential Hypertension and Renal Diseases (I10, I12)",M,White Non-Hispanic,148
279,Influenza (Flu) and Pneumonia (J09-J18),M,Other Race/ Ethnicity,11
280,All Other Causes,F,,79
281,"Essential Hypertension and Renal Diseases (I10, I12)",F,Other Race/ Ethnicity,8
282,Diabetes Mellitus (E10-E14),F,Black Non-Hispanic,384
283,"Nephritis, Nephrotic Syndrome and Nephrisis (N00-N07, N17-N19, N25-N27)",M,Asian and Pacific Islander,14
284,All Other Causes,F,Other Race/ Ethnicity,59
285,"Essential Hypertension and Renal Diseases (I10, I12)",F,Asian and Pacific Islander,50
286,Diabetes Mellitus (E10-E14),M,White Non-Hispanic,265
287,Cerebrovascular Disease (Stroke: I60-I69),F,Asian and Pacific Islander,61
288,All Other Causes,F,,42
289,Chronic Lower Respiratory Diseases (J40-J47),F,,8
290,Diabetes Mellitus (E10-E14),M,Hispanic,194
291,Diabetes Mellitus (E10-E14),M,White Non-Hispanic,290
292,"Diseases of Heart (I00-I09, I11, I13, I20-I51)",F,Hispanic,1230
293,Chronic Lower Respiratory Diseases (J40-J47),F,Asian and Pacific Islander,39
294,Cerebrovascular Disease (Stroke: I60-I69),F,Hispanic,220
295,"Essential Hypertension and Renal Diseases (I10, I12)",F,Hispanic,83
296,Malignant Neoplasms (Cancer: C00-C97),M,White Non-Hispanic,3142
297,All Other Causes,M,,55
298,"Diseases of Heart (I00-I09, I11, I13, I20-I51)",M,,62
299,Septicemia (A40-A41),F,Other Race/ Ethnicity,.
300,"Accidents Except Drug Posioning (V01-X39, X43, X45-X59, Y85-Y86)",F,Asian and Pacific Islander,34
301,"Mental and Behavioral Disorders due to Accidental Poisoning and Other Psychoactive Substance Use (F11-F16, F18-F19, X40-X42, X44)",F,Hispanic,63
302,"Intentional Self-Harm (Suicide: X60-X84, Y87.0)",M,,.
303,Chronic Lower Respiratory Diseases (J40-J47),F,,9
304,Alzheimer's Disease (G30),F,White Non-Hispanic,107
305,Chronic Lower Respiratory Diseases (J40-J47),M,Black Non-Hispanic,169
306,Influenza (Flu) and Pneumonia (J09-J18),M,Hispanic,187
307,All Other Causes,F,White Non-Hispanic,1684
308,"Mental and Behavioral Disorders due to Accidental Poisoning and Other Psychoactive Substance Use (F11-F16, F18-F19, X40-X42, X44)",M,,21
309,"Essential Hypertension and Renal Diseases (I10, I12)",F,White Non-Hispanic,180
310,All Other Causes,F,,27
311,Certain Conditions originating in the Perinatal Period (P00-P96),M,,8
312,Chronic Lower Respiratory Diseases (J40-J47),M,Hispanic,123
313,Diabetes Mellitus (E10-E14),M,,7
314,Certain Conditions originating in the Perinatal Period (P00-P96),M,Other Race/ Ethnicity,.
315,"Diseases of Heart (I00-I09, I11, I13, I20-I51)",F,Black Non-Hispanic,2722
316,Septicemia (A40-A41),F,Black Non-Hispanic,89
317,"Essential Hypertension and Renal Diseases (I10, I12)",F,Hispanic,116
318,Chronic Lower Respiratory Diseases (J40-J47),F,,6
319,"Essential Hypertension and Renal Diseases (I10, I12)",F,Black Non-Hispanic,225
320,"Accidents Except Drug Posioning (V01-X39, X43, X45-X59, Y85-Y86)",F,Asian and Pacific Islander,37
321,Influenza (Flu) and Pneumonia (J09-J18),F,Other Race/ Ethnicity,6
322,"Mental and Behavioral Disorders due to Accidental Poisoning and Other Psychoactive Substance Use (F11-F16, F18-F19, X40-X42, X44)",M,Hispanic,183
323,Diabetes Mellitus (E10-E14),M,Other Race/ Ethnicity,17
324,Certain Conditions originating in the Perinatal Period (P00-P96),F,,10
325,Malignant Neoplasms (Cancer: C00-C97),F,Asian and Pacific Islander,451
326,Cerebrovascular Disease (Stroke: I60-I69),F,Hispanic,152
327,Cerebrovascular Disease (Stroke: I60-I69),M,Asian and Pacific Islander,56
328,"Essential Hypertension and Renal Diseases (I10, I12)",F,White Non-Hispanic,206
329,"Chronic Liver Disease and Cirrhosis (K70, K73)",M,Hispanic,107
330,Influenza (Flu) and Pneumonia (J09-J18),M,Asian and Pacific Islander,76
331,Human Immunodeficiency Virus Disease (HIV: B20-B24),M,,10
332,Human Immunodeficiency Virus Disease (HIV: B20-B24),M,Hispanic,103
333,Cerebrovascular Disease (Stroke: I60-I69),F,,14
334,Chronic Lower Respiratory Diseases (J40-J47),F,Hispanic,156
335,All Other Causes,M,Other Race/ Ethnicity,24
336,Cerebrovascular Disease (Stroke: I60-I69),F,Hispanic,169
337,Chronic Lower Respiratory Diseases (J40-J47),M,Hispanic,142
338,Malignant Neoplasms (Cancer: C00-C97),F,Hispanic,1149
339,Human Immunodeficiency Virus Disease (HIV: B20-B24),F,Black Non-Hispanic,208
340,Septicemia (A40-A41),F,White Non-Hispanic,118
341,"Accidents Except Drug Posioning (V01-X39, X43, X45-X59, Y85-Y86)",M,Hispanic,170
342,"Chronic Liver Disease and Cirrhosis (K70, K73)",F,,.
343,Human Immunodeficiency Virus Disease (HIV: B20-B24),F,Hispanic,79
344,All Other Causes,M,Black Non-Hispanic,1216
345,Cerebrovascular Disease (Stroke: I60-I69),M,Hispanic,126
346,Human Immunodeficiency Virus Disease (HIV: B20-B24),M,Black Non-Hispanic,329
347,"Congenital Malformations, Deformations, and Chromosomal Abnormalities (Q00-Q99)",F,Other Race/ Ethnicity,.
348,Cerebrovascular Disease (Stroke: I60-I69),M,,.
349,Influenza (Flu) and Pneumonia (J09-J18),M,Asian and Pacific Islander,105
350,Diabetes Mellitus (E10-E14),M,Asian and Pacific Islander,48
351,All Other Causes,F,Asian and Pacific Islander,327
352,"Diseases of Heart (I00-I09, I11, I13, I20-I51)",M,Other Race/ Ethnicity,39
353,Influenza (Flu) and Pneumonia (J09-J18),F,Other Race/ Ethnicity,.
354,Influenza (Flu) and Pneumonia (J09-J18),M,Hispanic,233
355,All Other Causes,F,Hispanic,885
356,Influenza (Flu) and Pneumonia (J09-J18),F,Hispanic,218
357,Human Immunodeficiency Virus Disease (HIV: B20-B24),M,Black Non-Hispanic,356
358,All Other Causes,F,Black Non-Hispanic,1536
359,"Mental and Behavioral Disorders due to Accidental Poisoning and Other Psychoactive Substance Use (F11-F16, F18-F19, X40-X42, X44)",M,,13
360,"Diseases of Heart (I00-I09, I11, I13, I20-I51)",M,Black Non-Hispanic,1868
361,Diabetes Mellitus (E10-E14),M,Asian and Pacific Islander,60
362,Chronic Lower Respiratory Diseases (J40-J47),M,Hispanic,149
363,Viral Hepatitis (B15-B19),M,,6
364,Malignant Neoplasms (Cancer: C00-C97),M,,46
365,Malignant Neoplasms (Cancer: C00-C97),F,Other Race/ Ethnicity,19
366,"Accidents Except Drug Posioning (V01-X39, X43, X45-X59, Y85-Y86)",F,Other Race/ Ethnicity,6
367,Human Immunodeficiency Virus Disease (HIV: B20-B24),M,Hispanic,196
368,Malignant Neoplasms (Cancer: C00-C97),M,,73
369,"Mental and Behavioral Disorders due to Accidental Poisoning and Other Psychoactive Substance Use (F11-F16, F18-F19, X40-X42, X44)",M,White Non-Hispanic,314
370,All Other Causes,F,,48
371,Influenza (Flu) and Pneumonia (J09-J18),M,Black Non-Hispanic,222
372,Cerebrovascular Disease (Stroke: I60-I69),M,Black Non-Hispanic,171
373,Influenza (Flu) and Pneumonia (J09-J18),M,Asian and Pacific Islander,84
374,Chronic Lower Respiratory Diseases (J40-J47),F,Black Non-Hispanic,221
375,Diabetes Mellitus (E10-E14),M,Other Race/ Ethnicity,5
376,"Diseases of Heart (I00-I09, I11, I13, I20-I51)",F,,108
377,"Diseases of Heart (I00-I09, I11, I13, I20-I51)",M,Hispanic,1307
378,"Accidents Except Drug Posioning (V01-X39, X43, X45-X59, Y85-Y86)",M,Asian and Pacific Islander,68
379,"Diseases of Heart (I00-I09, I11, I13, I20-I51)",F,Other Race/ Ethnicity,43
380,Cerebrovascular Disease (Stroke: I60-I69),M,White Non-Hispanic,277
381,"Mental and Behavioral Disorders due to Accidental Poisoning and Other Psychoactive Substance Use (F11-F16, F18-F19, X40-X42, X44)",F,,6
382,"Nephritis, Nephrotic Syndrome and Nephrisis (N00-N07, N17-N19, N25-N27)",F,Asian and Pacific Islander,22
383,Influenza (Flu) and Pneumonia (J09-J18),F,Hispanic,228
384,"Diseases of Heart (I00-I09, I11, I13, I20-I51)",F,Asian and Pacific Islander,462
385,"Mental and Behavioral Disorders due to Accidental Poisoning and Other Psychoactive Substance Use (F11-F16, F18-F19, X40-X42, X44)",M,White Non-Hispanic,286
386,"Congenital Malformations, Deformations, and Chromosomal Abnormalities (Q00-Q99)",F,Other Race/ Ethnicity,.
387,"Congenital Malformations, Deformations, and Chromosomal Abnormalities (Q00-Q99)",M,Asian and Pacific Islander,14
388,Diabetes Mellitus (E10-E14),M,Asian and Pacific Islander,64
389,Malignant Neoplasms (Cancer: C00-C97),M,Hispanic,1144
390,"Assault (Homicide: Y87.1, X85-Y09)",M,Hispanic,114
391,"Diseases of Heart (I00-I09, I11, I13, I20-I51)",M,Asian and Pacific Islander,452
392,Chronic Lower Respiratory Diseases (J40-J47),F,Hispanic,156
393,Certain Conditions originating in the Perinatal Period (P00-P96),M,,6
394,Diabetes Mellitus (E10-E14),F,,6
395,Diabetes Mellitus (E10-E14),M,Hispanic,200
396,Certain Conditions originating in the Perinatal Period (P00-P96),F,,14
397,"Diseases of Heart (I00-I09, I11, I13, I20-I51)",F,Asian and Pacific Islander,456
398,Diabetes Mellitus (E10-E14),F,Hispanic,200
399,Influenza (Flu) and Pneumonia (J09-J18),F,Asian and Pacific Islander,58
400,All Other Causes,M,Hispanic,1067
401,"Essential Hypertension and Renal Diseases (I10, I12)",F,Other Race/ Ethnicity,.
402,"Diseases of Heart (I00-I09, I11, I13, I20-I51)",M,White Non-Hispanic,5503
403,Influenza (Flu) and Pneumonia (J09-J18),M,Other Race/ Ethnicity,8
404,Influenza (Flu) and Pneumonia (J09-J18),F,Black Non-Hispanic,273
405,"Congenital Malformations, Deformations, and Chromosomal Abnormalities (Q00-Q99)",F,Other Race/ Ethnicity,.
406,Influenza (Flu) and Pneumonia (J09-J18),M,Hispanic,199
407,Chronic Lower Respiratory Diseases (J40-J47),M,White Non-Hispanic,388
408,Influenza (Flu) and Pneumonia (J09-J18),M,Black Non-Hispanic,201
409,Influenza (Flu) and Pneumonia (J09-J18),F,White Non-Hispanic,576
410,"Essential Hypertension and Renal Diseases (I10, I12)",F,Other Race/ Ethnicity,.
411,All Other Causes,F,White Non-Hispanic,2578
412,"Assault (Homicide: Y87.1, X85-Y09)",M,Black Non-Hispanic,286
413,"Essential Hypertension and Renal Diseases (I10, I12)",M,Asian and Pacific Islander,25
414,Diabetes Mellitus (E10-E14),F,Hispanic,228
415,"Chronic Liver Disease and Cirrhosis (K70, K73)",F,Other Race/ Ethnicity,.
416,Malignant Neoplasms (Cancer: C00-C97),F,Asian and Pacific Islander,395
417,Certain Conditions originating in the Perinatal Period (P00-P96),F,Other Race/ Ethnicity,.
418,"Essential Hypertension and Renal Diseases (I10, I12)",M,Black Non-Hispanic,137
419,Chronic Lower Respiratory Diseases (J40-J47),F,Asian and Pacific Islander,30
420,"Accidents Except Drug Posioning (V01-X39, X43, X45-X59, Y85-Y86)",M,Black Non-Hispanic,147
421,Cerebrovascular Disease (Stroke: I60-I69),F,Asian and Pacific Islander,89
422,Cerebrovascular Disease (Stroke: I60-I69),M,Asian and Pacific Islander,58
423,"Accidents Except Drug Posioning (V01-X39, X43, X45-X59, Y85-Y86)",M,Other Race/ Ethnicity,5
424,Chronic Lower Respiratory Diseases (J40-J47),M,White Non-Hispanic,437
425,"Essential Hypertension and Renal Diseases (I10, I12)",M,White Non-Hispanic,142
426,"Accidents Except Drug Posioning (V01-X39, X43, X45-X59, Y85-Y86)",M,Other Race/ Ethnicity,10
427,"Essential Hypertension and Renal Diseases (I10, I12)",F,,5
428,Chronic Lower Respiratory Diseases (J40-J47),F,White Non-Hispanic,507
429,Influenza (Flu) and Pneumonia (J09-J18),F,,.
430,Influenza (Flu) and Pneumonia (J09-J18),M,Black Non-Hispanic,242
431,Viral Hepatitis (B15-B19),F,,.
432,"Essential Hypertension and Renal Diseases (I10, I12)",M,Black Non-Hispanic,131
433,Malignant Neoplasms (Cancer: C00-C97),M,,99
434,Malignant Neoplasms (Cancer: C00-C97),F,Black Non-Hispanic,1800
435,Malignant Neoplasms (Cancer: C00-C97),F,Other Race/ Ethnicity,22
436,Influenza (Flu) and Pneumonia (J09-J18),F,Black Non-Hispanic,266
437,Malignant Neoplasms (Cancer: C00-C97),M,White Non-Hispanic,3408
438,"Diseases of Heart (I00-I09, I11, I13, I20-I51)",F,Asian and Pacific Islander,428
439,"Accidents Except Drug Posioning (V01-X39, X43, X45-X59, Y85-Y86)",F,White Non-Hispanic,163
440,All Other Causes,M,Black Non-Hispanic,1337
441,All Other Causes,M,White Non-Hispanic,2275
442,Cerebrovascular Disease (Stroke: I60-I69),M,Asian and Pacific Islander,48
443,Diabetes Mellitus (E10-E14),F,Other Race/ Ethnicity,9
444,"Nephritis, Nephrotic Syndrome and Nephrisis (N00-N07, N17-N19, N25-N27)",F,Asian and Pacific Islander,13
445,"Accidents Except Drug Posioning (V01-X39, X43, X45-X59, Y85-Y86)",F,Other Race/ Ethnicity,.
446,Diabetes Mellitus (E10-E14),M,Other Race/ Ethnicity,14
447,"Diseases of Heart (I00-I09, I11, I13, I20-I51)",F,Hispanic,1316
448,Malignant Neoplasms (Cancer: C00-C97),F,White Non-Hispanic,3366
449,"Diseases of Heart (I00-I09, I11, I13, I20-I51)",M,White Non-Hispanic,4220
450,Cerebrovascular Disease (Stroke: I60-I69),M,Other Race/ Ethnicity,7
451,"Accidents Except Drug Posioning (V01-X39, X43, X45-X59, Y85-Y86)",F,Black Non-Hispanic,87
452,Cerebrovascular Disease (Stroke: I60-I69),F,Hispanic,164
453,"Diseases of Heart (I00-I09, I11, I13, I20-I51)",F,White Non-Hispanic,4507
454,Chronic Lower Respiratory Diseases (J40-J47),M,Asian and Pacific Islander,51
455,Mental and Behavioral Disorders due to Use of Alcohol (F10),M,,.
456,Diabetes Mellitus (E10-E14),F,Black Non-Hispanic,409
457,Chronic Lower Respiratory Diseases (J40-J47),F,,7
458,Influenza (Flu) and Pneumonia (J09-J18),F,White Non-Hispanic,563
459,"Essential Hypertension and Renal Diseases (I10, I12)",F,Black Non-Hispanic,214
460,"Diseases of Heart (I00-I09, I11, I13, I20-I51)",M,,151
461,Influenza (Flu) and Pneumonia (J09-J18),F,White Non-Hispanic,621
462,Chronic Lower Respiratory Diseases (J40-J47),F,Black Non-Hispanic,191
463,"Diseases of Heart (I00-I09, I11, I13, I20-I51)",M,Other Race/ Ethnicity,38
464,Influenza (Flu) and Pneumonia (J09-J18),M,Hispanic,209
465,Chronic Lower Respiratory Diseases (J40-J47),M,Other Race/ Ethnicity,.
466,"Essential Hypertension and Renal Diseases (I10, I12)",F,Black Non-Hispanic,227
467,"Accidents Except Drug Posioning (V01-X39, X43, X45-X59, Y85-Y86)",M,Other Race/ Ethnicity,5
468,Chronic Lower Respiratory Diseases (J40-J47),F,,6
469,"Diseases of Heart (I00-I09, I11, I13, I20-I51)",M,White Non-Hispanic,5632
470,All Other Causes,M,,43
471,Malignant Neoplasms (Cancer: C00-C97),F,,11
472,Influenza (Flu) and Pneumonia (J09-J18),M,Black Non-Hispanic,243
473,Malignant Neoplasms (Cancer: C00-C97),F,Hispanic,1046
474,Alzheimer's Disease (G30),F,White Non-Hispanic,205
475,Diabetes Mellitus (E10-E14),M,White Non-Hispanic,246
476,Diabetes Mellitus (E10-E14),M,White Non-Hispanic,292
477,"Accidents Except Drug Posioning (V01-X39, X43, X45-X59, Y85-Y86)",M,Black Non-Hispanic,148
478,"Intentional Self-Harm (Suicide: X60-X84, Y87.0)",M,,8
479,"Intentional Self-Harm (Suicide: X60-X84, Y87.0)",M,Asian and Pacific Islander,30
480,Alzheimer's Disease (G30),F,Other Race/ Ethnicity,.
481,Tuberculosis (A16-A19),F,,.
482,Human Immunodeficiency Virus Disease (HIV: B20-B24),M,Hispanic,122
483,"Assault (Homicide: Y87.1, X85-Y09)",M,,.
484,"Mental and Behavioral Disorders due to Accidental Poisoning and Other Psychoactive Substance Use (F11-F16, F18-F19, X40-X42, X44)",M,Hispanic,191
485,Cerebrovascular Disease (Stroke: I60-I69),F,Asian and Pacific Islander,65
486,Malignant Neoplasms (Cancer: C00-C97),F,White Non-Hispanic,3518
487,Influenza (Flu) and Pneumonia (J09-J18),F,White Non-Hispanic,696
488,Influenza (Flu) and Pneumonia (J09-J18),M,White Non-Hispanic,540
489,Alzheimer's Disease (G30),F,Asian and Pacific Islander,24
490,Mental and Behavioral Disorders due to Use of Alcohol (F10),M,Other Race/ Ethnicity,.
491,"Accidents Except Drug Posioning (V01-X39, X43, X45-X59, Y85-Y86)",M,Other Race/ Ethnicity,.
492,Human Immunodeficiency Virus Disease (HIV: B20-B24),M,Black Non-Hispanic,277
493,Alzheimer's Disease (G30),F,Hispanic,90
494,"Assault (Homicide: Y87.1, X85-Y09)",M,Black Non-Hispanic,255
495,Malignant Neoplasms (Cancer: C00-C97),M,Black Non-Hispanic,1592
496,"Intentional Self-Harm (Suicide: X60-X84, Y87.0)",F,Asian and Pacific Islander,26
497,"Accidents Except Drug Posioning (V01-X39, X43, X45-X59, Y85-Y86)",M,,8
498,Human Immunodeficiency Virus Disease (HIV: B20-B24),F,Hispanic,113
499,Diabetes Mellitus (E10-E14),M,Black Non-Hispanic,300
500,Influenza (Flu) and Pneumonia (J09-J18),F,Other Race/ Ethnicity,5
501,Influenza (Flu) and Pneumonia (J09-J18),F,Black Non-Hispanic,295
502,Septicemia (A40-A41),M,Other Race/ Ethnicity,6
503,"Intentional Self-Harm (Suicide: X60-X84, Y87.0)",M,,5
504,All Other Causes,F,Other Race/ Ethnicity,27
505,All Other Causes,F,Black Non-Hispanic,1305
506,"Nephritis, Nephrotic Syndrome and Nephrisis (N00-N07, N17-N19, N25-N27)",F,White Non-Hispanic,89
507,"Diseases of Heart (I00-I09, I11, I13, I20-I51)",M,Other Race/ Ethnicity,42
508,"Accidents Except Drug Posioning (V01-X39, X43, X45-X59, Y85-Y86)",F,Asian and Pacific Islander,43
509,Chronic Lower Respiratory Diseases (J40-J47),F,Other Race/ Ethnicity,.
510,Atherosclerosis (I70),F,Other Race/ Ethnicity,.
511,Human Immunodeficiency Virus Disease (HIV: B20-B24),M,Hispanic,218
512,"Essential Hypertension and Renal Diseases (I10, I12)",F,,5
513,"Accidents Except Drug Posioning (V01-X39, X43, X45-X59, Y85-Y86)",F,,.
514,"Assault (Homicide: Y87.1, X85-Y09)",F,Other Race/ Ethnicity,.
515,"Accidents Except Drug Posioning (V01-X39, X43, X45-X59, Y85-Y86)",M,Hispanic,186
516,Influenza (Flu) and Pneumonia (J09-J18),F,Black Non-Hispanic,318
517,Cerebrovascular Disease (Stroke: I60-I69),F,White Non-Hispanic,416
518,"Chronic Liver Disease and Cirrhosis (K70, K73)",M,,10
519,Influenza (Flu) and Pneumonia (J09-J18),F,Black Non-Hispanic,275
520,"Essential Hypertension and Renal Diseases (I10, I12)",F,Hispanic,104
521,"Intentional Self-Harm (Suicide: X60-X84, Y87.0)",M,Other Race/ Ethnicity,5
522,Cerebrovascular Disease (Stroke: I60-I69),M,Black Non-Hispanic,206
523,Influenza (Flu) and Pneumonia (J09-J18),M,,24
524,Cerebrovascular Disease (Stroke: I60-I69),M,Black Non-Hispanic,200
525,Chronic Lower Respiratory Diseases (J40-J47),F,Hispanic,116
526,"Accidents Except Drug Posioning (V01-X39, X43, X45-X59, Y85-Y86)",M,White Non-Hispanic,279
527,Malignant Neoplasms (Cancer: C00-C97),M,White Non-Hispanic,3222
528,"Nephritis, Nephrotic Syndrome and Nephrisis (N00-N07, N17-N19, N25-N27)",F,Black Non-Hispanic,86
529,Malignant Neoplasms (Cancer: C00-C97),F,,29
530,Diabetes Mellitus (E10-E14),M,Other Race/ Ethnicity,.
531,Influenza (Flu) and Pneumonia (J09-J18),M,White Non-Hispanic,502
532,"Diseases of Heart (I00-I09, I11, I13, I20-I51)",M,Black Non-Hispanic,2015
533,Aortic Aneurysm and Dissection (I71),F,Other Race/ Ethnicity,.
534,Malignant Neoplasms (Cancer: C00-C97),F,Black Non-Hispanic,1735
535,"Intentional Self-Harm (Suicide: X60-X84, Y87.0)",F,,.
536,"Chronic Liver Disease and Cirrhosis (K70, K73)",M,Asian and Pacific Islander,18
537,"Diseases of Heart (I00-I09, I11, I13, I20-I51)",M,Other Race/ Ethnicity,63
538,"Diseases of Heart (I00-I09, I11, I13, I20-I51)",M,Hispanic,1382
539,Cerebrovascular Disease (Stroke: I60-I69),M,Other Race/ Ethnicity,10
540,Influenza (Flu) and Pneumonia (J09-J18),F,Asian and Pacific Islander,78
541,"Essential Hypertension and Renal Diseases (I10, I12)",F,Asian and Pacific Islander,46
542,Influenza (Flu) and Pneumonia (J09-J18),M,,13
543,All Other Causes,F,Hispanic,1109
544,Alzheimer's Disease (G30),F,Black Non-Hispanic,90
545,Diabetes Mellitus (E10-E14),M,Asian and Pacific Islander,96
546,Influenza (Flu) and Pneumonia (J09-J18),M,,14
547,"Diseases of Heart (I00-I09, I11, I13, I20-I51)",M,White Non-Hispanic,4156
548,Diabetes Mellitus (E10-E14),F,,15
549,"Nephritis, Nephrotic Syndrome and Nephrisis (N00-N07, N17-N19, N25-N27)",F,Other Race/ Ethnicity,.
550,All Other Causes,M,,67
551,Influenza (Flu) and Pneumonia (J09-J18),M,Black Non-Hispanic,274
552,"Diseases of Heart (I00-I09, I11, I13, I20-I51)",F,Hispanic,1348
553,Cerebrovascular Disease (Stroke: I60-I69),F,Black Non-Hispanic,274
554,"Intentional Self-Harm (Suicide: X60-X84, Y87.0)",M,White Non-Hispanic,177
555,Certain Conditions originating in the Perinatal Period (P00-P96),M,Other Race/ Ethnicity,8
556,"Diseases of Heart (I00-I09, I11, I13, I20-I51)",F,Hispanic,1263
557,"Diseases of Heart (I00-I09, I11, I13, I20-I51)",F,Hispanic,1261
558,"Diseases of Heart (I00-I09, I11, I13, I20-I51)",F,Other Race/ Ethnicity,68
559,Chronic Lower Respiratory Diseases (J40-J47),F,Black Non-Hispanic,220
560,Malignant Neoplasms (Cancer: C00-C97),F,White Non-Hispanic,3438
561,Malignant Neoplasms (Cancer: C00-C97),M,Other Race/ Ethnicity,36
562,"Essential Hypertension and Renal Diseases (I10, I12)",F,Hispanic,95
563,Cerebrovascular Disease (Stroke: I60-I69),M,Asian and Pacific Islander,83
564,Diabetes Mellitus (E10-E14),M,Hispanic,191
565,Cerebrovascular Disease (Stroke: I60-I69),M,Hispanic,158
566,"Essential Hypertension and Renal Diseases (I10, I12)",F,White Non-Hispanic,199
567,Chronic Lower Respiratory Diseases (J40-J47),M,White Non-Hispanic,371
568,Chronic Lower Respiratory Diseases (J40-J47),M,Black Non-Hispanic,184
569,Diabetes Mellitus (E10-E14),F,Hispanic,205
570,All Other Causes,M,White Non-Hispanic,2293
571,Influenza (Flu) and Pneumonia (J09-J18),M,Hispanic,205
572,Human Immunodeficiency Virus Disease (HIV: B20-B24),F,,.
573,Diabetes Mellitus (E10-E14),M,,19
574,Influenza (Flu) and Pneumonia (J09-J18),F,,17
575,Diabetes Mellitus (E10-E14),F,Asian and Pacific Islander,60
576,All Other Causes,F,Asian and Pacific Islander,214
577,"Intentional Self-Harm (Suicide: X60-X84, Y87.0)",M,Asian and Pacific Islander,35
578,"Accidents Except Drug Posioning (V01-X39, X43, X45-X59, Y85-Y86)",F,Other Race/ Ethnicity,.
579,Chronic Lower Respiratory Diseases (J40-J47),F,Other Race/ Ethnicity,.
580,Cerebrovascular Disease (Stroke: I60-I69),M,Asian and Pacific Islander,91
581,Diabetes Mellitus (E10-E14),F,Black Non-Hispanic,380
582,"Diseases of Heart (I00-I09, I11, I13, I20-I51)",M,Asian and Pacific Islander,469
583,Chronic Lower Respiratory Diseases (J40-J47),M,White Non-Hispanic,399
584,Septicemia (A40-A41),F,,.
585,Influenza (Flu) and Pneumonia (J09-J18),F,Other Race/ Ethnicity,9
586,Insitu or Benign / Uncertain Neoplasms (D00-D48),F,Other Race/ Ethnicity,.
587,"Intentional Self-Harm (Suicide: X60-X84, Y87.0)",M,White Non-Hispanic,204
588,"Essential Hypertension and Renal Diseases (I10, I12)",F,White Non-Hispanic,151
589,"Chronic Liver Disease and Cirrhosis (K70, K73)",M,Hispanic,149
590,Alzheimer's Disease (G30),F,Black Non-Hispanic,79
591,"Mental and Behavioral Disorders due to Accidental Poisoning and Other Psychoactive Substance Use (F11-F16, F18-F19, X40-X42, X44)",M,White Non-Hispanic,221
592,Chronic Lower Respiratory Diseases (J40-J47),F,White Non-Hispanic,515
593,Malignant Neoplasms (Cancer: C00-C97),M,Asian and Pacific Islander,526
594,All Other Causes,F,White Non-Hispanic,1706
595,"Accidents Except Drug Posioning (V01-X39, X43, X45-X59, Y85-Y86)",F,Hispanic,58
596,Aortic Aneurysm and Dissection (I71),M,Other Race/ Ethnicity,.
597,"Essential Hypertension and Renal Diseases (I10, I12)",F,Other Race/ Ethnicity,.
598,Influenza (Flu) and Pneumonia (J09-J18),F,Black Non-Hispanic,295
599,"Chronic Liver Disease and Cirrhosis (K70, K73)",F,Hispanic,63
600,Influenza (Flu) and Pneumonia (J09-J18),F,Other Race/ Ethnicity,.
601,Cerebrovascular Disease (Stroke: I60-I69),F,Black Non-Hispanic,271
602,Cerebrovascular Disease (Stroke: I60-I69),F,,9
603,Diabetes Mellitus (E10-E14),F,,15
604,"Diseases of Heart (I00-I09, I11, I13, I20-I51)",F,Black Non-Hispanic,2725
605,Cerebrovascular Disease (Stroke: I60-I69),F,Asian and Pacific Islander,80
606,Influenza (Flu) and Pneumonia (J09-J18),M,Other Race/ Ethnicity,7
607,Chronic Lower Respiratory Diseases (J40-J47),M,Black Non-Hispanic,202
608,Malignant Neoplasms (Cancer: C00-C97),M,Hispanic,1080
609,"Diseases of Heart (I00-I09, I11, I13, I20-I51)",M,Asian and Pacific Islander,554
610,Influenza (Flu) and Pneumonia (J09-J18),M,Asian and Pacific Islander,66
611,"Accidents Except Drug Posioning (V01-X39, X43, X45-X59, Y85-Y86)",M,Asian and Pacific Islander,54
612,Cerebrovascular Disease (Stroke: I60-I69),M,Other Race/ Ethnicity,7
613,Human Immunodeficiency Virus Disease (HIV: B20-B24),M,Black Non-Hispanic,377
614,"Essential Hypertension and Renal Diseases (I10, I12)",M,Black Non-Hispanic,143
615,Chronic Lower Respiratory Diseases (J40-J47),F,White Non-Hispanic,458
616,Diabetes Mellitus (E10-E14),F,White Non-Hispanic,240
617,"Accidents Except Drug Posioning (V01-X39, X43, X45-X59, Y85-Y86)",M,,13
618,"Diseases of Heart (I00-I09, I11, I13, I20-I51)",M,Asian and Pacific Islander,546
619,"Intentional Self-Harm (Suicide: X60-X84, Y87.0)",F,Other Race/ Ethnicity,5
620,Chronic Lower Respiratory Diseases (J40-J47),F,White Non-Hispanic,510
621,Malignant Neoplasms (Cancer: C00-C97),F,Hispanic,1085
622,Chronic Lower Respiratory Diseases (J40-J47),F,White Non-Hispanic,472
623,"Essential Hypertension and Renal Diseases (I10, I12)",F,Asian and Pacific Islander,22
624,Diabetes Mellitus (E10-E14),M,White Non-Hispanic,258
625,"Essential Hypertension and Renal Diseases (I10, I12)",M,White Non-Hispanic,123
626,Influenza (Flu) and Pneumonia (J09-J18),F,Hispanic,190
627,Human Immunodeficiency Virus Disease (HIV: B20-B24),M,,6
628,Malignant Neoplasms (Cancer: C00-C97),M,White Non-Hispanic,3356
629,"Assault (Homicide: Y87.1, X85-Y09)",M,Black Non-Hispanic,299
630,"Accidents Except Drug Posioning (V01-X39, X43, X45-X59, Y85-Y86)",F,White Non-Hispanic,177
631,"Mental and Behavioral Disorders due to Accidental Poisoning and Other Psychoactive Substance Use (F11-F16, F18-F19, X40-X42, X44)",M,White Non-Hispanic,211
632,"Nephritis, Nephrotic Syndrome and Nephrisis (N00-N07, N17-N19, N25-N27)",F,,.
633,Diabetes Mellitus (E10-E14),F,,12
634,Influenza (Flu) and Pneumonia (J09-J18),F,Hispanic,216
635,Malignant Neoplasms (Cancer: C00-C97),F,Asian and Pacific Islander,398
636,Certain Conditions originating in the Perinatal Period (P00-P96),M,,17
637,Malignant Neoplasms (Cancer: C00-C97),F,,36
638,All Other Causes,F,Black Non-Hispanic,1268
639,"Accidents Except Drug Posioning (V01-X39, X43, X45-X59, Y85-Y86)",F,Asian and Pacific Islander,25
640,"Essential Hypertension and Renal Diseases (I10, I12)",M,Asian and Pacific Islander,33
641,"Accidents Except Drug Posioning (V01-X39, X43, X45-X59, Y85-Y86)",M,Black Non-Hispanic,146
642,Influenza (Flu) and Pneumonia (J09-J18),M,Hispanic,183
643,"Essential Hypertension and Renal Diseases (I10, I12)",M,Other Race/ Ethnicity,.
644,Diabetes Mellitus (E10-E14),F,Black Non-Hispanic,410
645,Chronic Lower Respiratory Diseases (J40-J47),M,Black Non-Hispanic,186
646,"Diseases of Heart (I00-I09, I11, I13, I20-I51)",F,,95
647,Diabetes Mellitus (E10-E14),M,Asian and Pacific Islander,47
648,Diabetes Mellitus (E10-E14),F,Black Non-Hispanic,358
649,Certain Conditions originating in the Perinatal Period (P00-P96),F,,9
650,"Essential Hypertension and Renal Diseases (I10, I12)",M,Black Non-Hispanic,134
651,"Accidents Except Drug Posioning (V01-X39, X43, X45-X59, Y85-Y86)",M,White Non-Hispanic,297
652,Chronic Lower Respiratory Diseases (J40-J47),M,Asian and Pacific Islander,95
653,Septicemia (A40-A41),F,Asian and Pacific Islander,16
654,"Diseases of Heart (I00-I09, I11, I13, I20-I51)",F,White Non-Hispanic,6836
655,Cerebrovascular Disease (Stroke: I60-I69),M,White Non-Hispanic,267
656,"Diseases of Heart (I00-I09, I11, I13, I20-I51)",F,Asian and Pacific Islander,394
657,"Diseases of Heart (I00-I09, I11, I13, I20-I51)",M,,92
658,Malignant Neoplasms (Cancer: C00-C97),F,Black Non-Hispanic,1912
659,All Other Causes,M,Asian and Pacific Islander,424
660,All Other Causes,M,White Non-Hispanic,1749
661,Human Immunodeficiency Virus Disease (HIV: B20-B24),M,,9
662,Influenza (Flu) and Pneumonia (J09-J18),M,White Non-Hispanic,646
663,"Intentional Self-Harm (Suicide: X60-X84, Y87.0)",M,,17
664,All Other Causes,M,Asian and Pacific Islander,340
665,Chronic Lower Respiratory Diseases (J40-J47),F,,5
666,Chronic Lower Respiratory Diseases (J40-J47),F,Hispanic,156
667,"Diseases of Heart (I00-I09, I11, I13, I20-I51)",M,Black Non-Hispanic,2077
668,Septicemia (A40-A41),F,White Non-Hispanic,135
669,"Intentional Self-Harm (Suicide: X60-X84, Y87.0)",M,White Non-Hispanic,191
670,"Diseases of Heart (I00-I09, I11, I13, I20-I51)",F,,106
671,All Other Causes,F,Black Non-Hispanic,1557
672,"Chronic Liver Disease and Cirrhosis (K70, K73)",M,Hispanic,167
673,"Accidents Except Drug Posioning (V01-X39, X43, X45-X59, Y85-Y86)",F,White Non-Hispanic,184
674,"Diseases of Heart (I00-I09, I11, I13, I20-I51)",M,Asian and Pacific Islander,478
675,Malignant Neoplasms (Cancer: C00-C97),F,Hispanic,1125
676,Cerebrovascular Disease (Stroke: I60-I69),F,Hispanic,222
677,Malignant Neoplasms (Cancer: C00-C97),F,Asian and Pacific Islander,414
678,"Diseases of Heart (I00-I09, I11, I13, I20-I51)",F,Black Non-Hispanic,2282
679,Influenza (Flu) and Pneumonia (J09-J18),F,White Non-Hispanic,629
680,"Essential Hypertension and Renal Diseases (I10, I12)",M,White Non-Hispanic,165
681,Diabetes Mellitus (E10-E14),M,Black Non-Hispanic,308
682,Chronic Lower Respiratory Diseases (J40-J47),F,White Non-Hispanic,521
683,"Accidents Except Drug Posioning (V01-X39, X43, X45-X59, Y85-Y86)",M,Hispanic,132
684,Diabetes Mellitus (E10-E14),F,Asian and Pacific Islander,47
685,All Other Causes,M,Hispanic,1199
686,"Nephritis, Nephrotic Syndrome and Nephrisis (N00-N07, N17-N19, N25-N27)",F,Black Non-Hispanic,90
687,"Accidents Except Drug Posioning (V01-X39, X43, X45-X59, Y85-Y86)",F,Hispanic,60
688,Certain Conditions originating in the Perinatal Period (P00-P96),F,,.
689,All Other Causes,M,Other Race/ Ethnicity,18
690,Atherosclerosis (I70),F,,.
691,"Essential Hypertension and Renal Diseases (I10, I12)",F,White Non-Hispanic,199
692,Alzheimer's Disease (G30),F,White Non-Hispanic,151
693,Cerebrovascular Disease (Stroke: I60-I69),F,Asian and Pacific Islander,112
694,Cerebrovascular Disease (Stroke: I60-I69),F,Other Race/ Ethnicity,5
695,"Mental and Behavioral Disorders due to Accidental Poisoning and Other Psychoactive Substance Use (F11-F16, F18-F19, X40-X42, X44)",M,Hispanic,173
696,Human Immunodeficiency Virus Disease (HIV: B20-B24),M,Black Non-Hispanic,223
697,Alzheimer's Disease (G30),F,White Non-Hispanic,247
698,"Assault (Homicide: Y87.1, X85-Y09)",F,Other Race/ Ethnicity,.
699,Chronic Lower Respiratory Diseases (J40-J47),F,Other Race/ Ethnicity,.
700,Diabetes Mellitus (E10-E14),F,Hispanic,215
701,Human Immunodeficiency Virus Disease (HIV: B20-B24),F,Black Non-Hispanic,152
702,Chronic Lower Respiratory Diseases (J40-J47),F,White Non-Hispanic,518
703,Malignant Neoplasms (Cancer: C00-C97),F,Asian and Pacific Islander,502
704,Malignant Neoplasms (Cancer: C00-C97),F,,94
705,Influenza (Flu) and Pneumonia (J09-J18),M,Other Race/ Ethnicity,6
706,Malignant Neoplasms (Cancer: C00-C97),M,Hispanic,1146
707,"Diseases of Heart (I00-I09, I11, I13, I20-I51)",F,,70
708,Human Immunodeficiency Virus Disease (HIV: B20-B24),F,Black Non-Hispanic,107
709,Diabetes Mellitus (E10-E14),M,Hispanic,172
710,Chronic Lower Respiratory Diseases (J40-J47),F,Black Non-Hispanic,204
711,"Diseases of Heart (I00-I09, I11, I13, I20-I51)",F,Hispanic,1445
712,Chronic Lower Respiratory Diseases (J40-J47),F,Other Race/ Ethnicity,6
713,Alzheimer's Disease (G30),F,Hispanic,126
714,Malignant Neoplasms (Cancer: C00-C97),F,White Non-Hispanic,3256
715,Malignant Neoplasms (Cancer: C00-C97),F,White Non-Hispanic,3371
716,"Essential Hypertension and Renal Diseases (I10, I12)",M,Black Non-Hispanic,148
717,Malignant Neoplasms (Cancer: C00-C97),M,White Non-Hispanic,3236
718,"Assault (Homicide: Y87.1, X85-Y09)",M,,7
719,"Diseases of Heart (I00-I09, I11, I13, I20-I51)",M,,99
720,"Accidents Except Drug Posioning (V01-X39, X43, X45-X59, Y85-Y86)",M,Other Race/ Ethnicity,5
721,"Accidents Except Drug Posioning (V01-X39, X43, X45-X59, Y85-Y86)",F,,.
722,"Essential Hypertension and Renal Diseases (I10, I12)",M,White Non-Hispanic,153
723,"Accidents Except Drug Posioning (V01-X39, X43, X45-X59, Y85-Y86)",F,Other Race/ Ethnicity,.
724,Chronic Lower Respiratory Diseases (J40-J47),M,White Non-Hispanic,444
725,Diabetes Mellitus (E10-E14),F,White Non-Hispanic,238
726,Influenza (Flu) and Pneumonia (J09-J18),F,White Non-Hispanic,659
727,All Other Causes,F,Black Non-Hispanic,1483
728,All Other Causes,M,Asian and Pacific Islander,238
729,Malignant Neoplasms (Cancer: C00-C97),M,Other Race/ Ethnicity,25
730,Influenza (Flu) and Pneumonia (J09-J18),F,Hispanic,227
731,Malignant Neoplasms (Cancer: C00-C97),M,Other Race/ Ethnicity,34
732,All Other Causes,F,,26
733,All Other Causes,F,Black Non-Hispanic,1326
734,"Diseases of Heart (I00-I09, I11, I13, I20-I51)",M,Asian and Pacific Islander,554
735,"Essential Hypertension and Renal Diseases (I10, I12)",M,,.
736,Chronic Lower Respiratory Diseases (J40-J47),F,Asian and Pacific Islander,36
737,"Intentional Self-Harm (Suicide: X60-X84, Y87.0)",M,Asian and Pacific Islander,46
738,Human Immunodeficiency Virus Disease (HIV: B20-B24),F,Black Non-Hispanic,102
739,"Essential Hypertension and Renal Diseases (I10, I12)",M,Black Non-Hispanic,154
740,"Accidents Except Drug Posioning (V01-X39, X43, X45-X59, Y85-Y86)",F,,.
741,Malignant Neoplasms (Cancer: C00-C97),M,,47
742,Cerebrovascular Disease (Stroke: I60-I69),F,White Non-Hispanic,466
743,"Chronic Liver Disease and Cirrhosis (K70, K73)",M,Hispanic,149
744,All Other Causes,F,Hispanic,1007
745,All Other Causes,M,Black Non-Hispanic,1246
746,Diabetes Mellitus (E10-E14),M,Asian and Pacific Islander,52
747,"Diseases of Heart (I00-I09, I11, I13, I20-I51)",F,Black Non-Hispanic,2243
748,"Congenital Malformations, Deformations, and Chromosomal Abnormalities (Q00-Q99)",F,,.
749,Malignant Neoplasms (Cancer: C00-C97),F,Black Non-Hispanic,1768
750,"Accidents Except Drug Posioning (V01-X39, X43, X45-X59, Y85-Y86)",M,White Non-Hispanic,286
751,Diabetes Mellitus (E10-E14),F,Other Race/ Ethnicity,.
752,Septicemia (A40-A41),F,White Non-Hispanic,113
753,All Other Causes,F,,14
754,Malignant Neoplasms (Cancer: C00-C97),M,Black Non-Hispanic,1523
755,"Diseases of Heart (I00-I09, I11, I13, I20-I51)",F,White Non-Hispanic,4719
756,Diabetes Mellitus (E10-E14),F,Asian and Pacific Islander,55
757,Chronic Lower Respiratory Diseases (J40-J47),M,Black Non-Hispanic,147
758,"Chronic Liver Disease and Cirrhosis (K70, K73)",M,,16
759,Alzheimer's Disease (G30),F,,8
760,Influenza (Flu) and Pneumonia (J09-J18),F,Asian and Pacific Islander,83
761,Influenza (Flu) and Pneumonia (J09-J18),M,White Non-Hispanic,614
762,Cerebrovascular Disease (Stroke: I60-I69),F,,.
763,"Mental and Behavioral Disorders due to Accidental Poisoning and Other Psychoactive Substance Use (F11-F16, F18-F19, X40-X42, X44)",M,,7
764,"Accidents Except Drug Posioning (V01-X39, X43, X45-X59, Y85-Y86)",M,Asian and Pacific Islander,53
765,Chronic Lower Respiratory Diseases (J40-J47),M,,12
766,Diabetes Mellitus (E10-E14),F,Asian and Pacific Islander,50
767,"Intentional Self-Harm (Suicide: X60-X84, Y87.0)",F,Asian and Pacific Islander,22
768,All Other Causes,M,Hispanic,1207
769,Cerebrovascular Disease (Stroke: I60-I69),M,Black Non-Hispanic,197
770,Malignant Neoplasms (Cancer: C00-C97),F,Asian and Pacific Islander,344
771,Chronic Lower Respiratory Diseases (J40-J47),F,Hispanic,158
772,Aortic Aneurysm and Dissection (I71),F,,.
773,Malignant Neoplasms (Cancer: C00-C97),F,Asian and Pacific Islander,461
774,"Mental and Behavioral Disorders due to Accidental Poisoning and Other Psychoactive Substance Use (F11-F16, F18-F19, X40-X42, X44)",M,Hispanic,172
775,"Chronic Liver Disease and Cirrhosis (K70, K73)",M,Asian and Pacific Islander,18
776,"Assault (Homicide: Y87.1, X85-Y09)",M,Other Race/ Ethnicity,5
777,Alzheimer's Disease (G30),F,,.
778,"Essential Hypertension and Renal Diseases (I10, I12)",F,Black Non-Hispanic,192
779,All Other Causes,F,,53
780,Human Immunodeficiency Virus Disease (HIV: B20-B24),F,Black Non-Hispanic,144
781,Influenza (Flu) and Pneumonia (J09-J18),F,Asian and Pacific Islander,80
782,Diabetes Mellitus (E10-E14),F,Hispanic,221
783,Human Immunodeficiency Virus Disease (HIV: B20-B24),M,Other Race/ Ethnicity,.
784,"Essential Hypertension and Renal Diseases (I10, I12)",F,Black Non-Hispanic,207
785,All Other Causes,F,White Non-Hispanic,2140
786,Chronic Lower Respiratory Diseases (J40-J47),M,,10
787,"Diseases of Heart (I00-I09, I11, I13, I20-I51)",M,Asian and Pacific Islander,496
788,Malignant Neoplasms (Cancer: C00-C97),M,Asian and Pacific Islander,657
789,"Mental and Behavioral Disorders due to Accidental Poisoning and Other Psychoactive Substance Use (F11-F16, F18-F19, X40-X42, X44)",F,White Non-Hispanic,86
790,"Accidents Except Drug Posioning (V01-X39, X43, X45-X59, Y85-Y86)",M,Hispanic,191
791,Human Immunodeficiency Virus Disease (HIV: B20-B24),F,,5
792,Malignant Neoplasms (Cancer: C00-C97),F,Other Race/ Ethnicity,34
793,Human Immunodeficiency Virus Disease (HIV: B20-B24),M,Hispanic,92
794,Certain Conditions originating in the Perinatal Period (P00-P96),M,,10
795,Malignant Neoplasms (Cancer: C00-C97),F,White Non-Hispanic,3346
796,Diabetes Mellitus (E10-E14),M,Hispanic,186
797,"Essential Hypertension and Renal Diseases (I10, I12)",F,Other Race/ Ethnicity,.
798,Cerebrovascular Disease (Stroke: I60-I69),M,Black Non-Hispanic,170
799,Septicemia (A40-A41),F,Hispanic,49
800,Insitu or Benign / Uncertain Neoplasms (D00-D48),F,,5
801,"Assault (Homicide: Y87.1, X85-Y09)",M,,8
802,Chronic Lower Respiratory Diseases (J40-J47),F,Hispanic,155
803,Diabetes Mellitus (E10-E14),F,Other Race/ Ethnicity,.
804,Influenza (Flu) and Pneumonia (J09-J18),F,Hispanic,218
805,"Essential Hypertension and Renal Diseases (I10, I12)",F,Other Race/ Ethnicity,.
806,Malignant Neoplasms (Cancer: C00-C97),F,Hispanic,1045
807,"Diseases of Heart (I00-I09, I11, I13, I20-I51)",M,,115
808,"Intentional Self-Harm (Suicide: X60-X84, Y87.0)",M,Other Race/ Ethnicity,.
809,Influenza (Flu) and Pneumonia (J09-J18),M,Hispanic,189
810,"Essential Hypertension and Renal Diseases (I10, I12)",F,Hispanic,78
811,Influenza (Flu) and Pneumonia (J09-J18),F,Black Non-Hispanic,281
812,Diabetes Mellitus (E10-E14),F,White Non-Hispanic,210
813,"Mental and Behavioral Disorders due to Accidental Poisoning and Other Psychoactive Substance Use (F11-F16, F18-F19, X40-X42, X44)",M,White Non-Hispanic,272
814,"Mental and Behavioral Disorders due to Accidental Poisoning and Other Psychoactive Substance Use (F11-F16, F18-F19, X40-X42, X44)",M,Hispanic,188
815,Malignant Neoplasms (Cancer: C00-C97),M,Other Race/ Ethnicity,32
816,Cerebrovascular Disease (Stroke: I60-I69),M,,10
817,"Chronic Liver Disease and Cirrhosis (K70, K73)",F,Hispanic,54
818,Diabetes Mellitus (E10-E14),M,White Non-Hispanic,245
819,Cerebrovascular Disease (Stroke: I60-I69),F,White Non-Hispanic,427
820,"Chronic Liver Disease and Cirrhosis (K70, K73)",F,,.
821,"Essential Hypertension and Renal Diseases (I10, I12)",F,Asian and Pacific Islander,32
822,Certain Conditions originating in the Perinatal Period (P00-P96),F,Asian and Pacific Islander,18
823,Human Immunodeficiency Virus Disease (HIV: B20-B24),F,Hispanic,70
824,Cerebrovascular Disease (Stroke: I60-I69),F,Other Race/ Ethnicity,.
825,"Mental and Behavioral Disorders due to Accidental Poisoning and Other Psychoactive Substance Use (F11-F16, F18-F19, X40-X42, X44)",F,Hispanic,57
826,"Diseases of Heart (I00-I09, I11, I13, I20-I51)",F,Asian and Pacific Islander,402
827,Chronic Lower Respiratory Diseases (J40-J47),F,Hispanic,193
828,"Intentional Self-Harm (Suicide: X60-X84, Y87.0)",M,Asian and Pacific Islander,40
829,Viral Hepatitis (B15-B19),M,,.
830,Alzheimer's Disease (G30),F,Hispanic,56
831,"Essential Hypertension and Renal Diseases (I10, I12)",M,Black Non-Hispanic,155
832,All Other Causes,M,,32
833,Chronic Lower Respiratory Diseases (J40-J47),M,Other Race/ Ethnicity,5
834,"Chronic Liver Disease and Cirrhosis (K70, K73)",M,Other Race/ Ethnicity,5
835,Human Immunodeficiency Virus Disease (HIV: B20-B24),M,Other Race/ Ethnicity,.
836,Certain Conditions originating in the Perinatal Period (P00-P96),M,,25
837,"Intentional Self-Harm (Suicide: X60-X84, Y87.0)",M,Asian and Pacific Islander,50
838,Diabetes Mellitus (E10-E14),M,Black Non-Hispanic,285
839,"Intentional Self-Harm (Suicide: X60-X84, Y87.0)",F,Asian and Pacific Islander,21
840,Malignant Neoplasms (Cancer: C00-C97),M,Black Non-Hispanic,1540
841,All Other Causes,F,Asian and Pacific Islander,320
842,Diabetes Mellitus (E10-E14),M,,8
843,Influenza (Flu) and Pneumonia (J09-J18),M,White Non-Hispanic,555
844,"Accidents Except Drug Posioning (V01-X39, X43, X45-X59, Y85-Y86)",F,Asian and Pacific Islander,35
845,All Other Causes,M,Asian and Pacific Islander,308
846,Diabetes Mellitus (E10-E14),F,Asian and Pacific Islander,51
847,Chronic Lower Respiratory Diseases (J40-J47),F,Black Non-Hispanic,163
848,All Other Causes,F,Hispanic,820
849,Influenza (Flu) and Pneumonia (J09-J18),F,White Non-Hispanic,707
850,"Assault (Homicide: Y87.1, X85-Y09)",M,Other Race/ Ethnicity,.
851,Cerebrovascular Disease (Stroke: I60-I69),F,,.
852,Cerebrovascular Disease (Stroke: I60-I69),M,,8
853,Alzheimer's Disease (G30),F,Black Non-Hispanic,115
854,All Other Causes,M,Black Non-Hispanic,1320
855,"Mental and Behavioral Disorders due to Accidental Poisoning and Other Psychoactive Substance Use (F11-F16, F18-F19, X40-X42, X44)",F,,.
856,Viral Hepatitis (B15-B19),M,,.
857,Cerebrovascular Disease (Stroke: I60-I69),M,Asian and Pacific Islander,71
858,"Intentional Self-Harm (Suicide: X60-X84, Y87.0)",M,White Non-Hispanic,204
859,"Essential Hypertension and Renal Diseases (I10, I12)",F,,.
860,"Essential Hypertension and Renal Diseases (I10, I12)",M,Asian and Pacific Islander,39
861,"Mental and Behavioral Disorders due to Accidental Poisoning and Other Psychoactive Substance Use (F11-F16, F18-F19, X40-X42, X44)",M,Other Race/ Ethnicity,12
862,All Other Causes,M,Other Race/ Ethnicity,8
863,Malignant Neoplasms (Cancer: C00-C97),M,Hispanic,1146
864,"Essential Hypertension and Renal Diseases (I10, I12)",M,Asian and Pacific Islander,37
865,All Other Causes,M,Asian and Pacific Islander,220
866,Malignant Neoplasms (Cancer: C00-C97),M,Asian and Pacific Islander,528
867,Alzheimer's Disease (G30),F,Black Non-Hispanic,106
868,"Essential Hypertension and Renal Diseases (I10, I12)",M,,9
869,"Diseases of Heart (I00-I09, I11, I13, I20-I51)",M,Other Race/ Ethnicity,72
870,All Other Causes,F,Other Race/ Ethnicity,11
871,Diabetes Mellitus (E10-E14),F,Black Non-Hispanic,398
872,Parkinson's Disease (G20),F,,.
873,"Chronic Liver Disease and Cirrhosis (K70, K73)",M,Hispanic,150
874,All Other Causes,F,Hispanic,1082
875,"Mental and Behavioral Disorders due to Accidental Poisoning and Other Psychoactive Substance Use (F11-F16, F18-F19, X40-X42, X44)",M,Other Race/ Ethnicity,.
876,Diabetes Mellitus (E10-E14),F,Other Race/ Ethnicity,8
877,"Intentional Self-Harm (Suicide: X60-X84, Y87.0)",F,Asian and Pacific Islander,33
878,Diabetes Mellitus (E10-E14),M,Hispanic,187
879,Insitu or Benign / Uncertain Neoplasms (D00-D48),F,,.
880,Influenza (Flu) and Pneumonia (J09-J18),M,,.
881,Diabetes Mellitus (E10-E14),F,White Non-Hispanic,253
882,Diabetes Mellitus (E10-E14),F,Other Race/ Ethnicity,10
883,Alzheimer's Disease (G30),F,Other Race/ Ethnicity,.
884,Chronic Lower Respiratory Diseases (J40-J47),M,Black Non-Hispanic,200
885,"Nephritis, Nephrotic Syndrome and Nephrisis (N00-N07, N17-N19, N25-N27)",M,Asian and Pacific Islander,28
886,Cerebrovascular Disease (Stroke: I60-I69),M,Hispanic,143
887,"Intentional Self-Harm (Suicide: X60-X84, Y87.0)",M,White Non-Hispanic,187
888,"Accidents Except Drug Posioning (V01-X39, X43, X45-X59, Y85-Y86)",F,White Non-Hispanic,193
889,Cerebrovascular Disease (Stroke: I60-I69),M,Asian and Pacific Islander,70
890,Alzheimer's Disease (G30),F,Hispanic,71
891,Malignant Neoplasms (Cancer: C00-C97),M,Asian and Pacific Islander,506
892,Influenza (Flu) and Pneumonia (J09-J18),M,White Non-Hispanic,529
893,Cerebrovascular Disease (Stroke: I60-I69),F,White Non-Hispanic,372
894,Malignant Neoplasms (Cancer: C00-C97),M,Hispanic,1180
895,Certain Conditions originating in the Perinatal Period (P00-P96),M,,25
896,"Diseases of Heart (I00-I09, I11, I13, I20-I51)",F,,111
897,Chronic Lower Respiratory Diseases (J40-J47),M,Hispanic,145
898,Cerebrovascular Disease (Stroke: I60-I69),F,Hispanic,154
899,"Congenital Malformations, Deformations, and Chromosomal Abnormalities (Q00-Q99)",F,Other Race/ Ethnicity,.
900,Alzheimer's Disease (G30),F,White Non-Hispanic,263
901,Certain Conditions originating in the Perinatal Period (P00-P96),M,Other Race/ Ethnicity,.
902,Diabetes Mellitus (E10-E14),F,Asian and Pacific Islander,34
903,Influenza (Flu) and Pneumonia (J09-J18),F,Other Race/ Ethnicity,6
904,"Accidents Except Drug Posioning (V01-X39, X43, X45-X59, Y85-Y86)",M,Black Non-Hispanic,152
905,Insitu or Benign / Uncertain Neoplasms (D00-D48),F,Other Race/ Ethnicity,.
906,Diabetes Mellitus (E10-E14),F,Asian and Pacific Islander,51
907,Chronic Lower Respiratory Diseases (J40-J47),F,Asian and Pacific Islander,28
908,Influenza (Flu) and Pneumonia (J09-J18),F,Asian and Pacific Islander,83
909,Chronic Lower Respiratory Diseases (J40-J47),M,,.
910,Diabetes Mellitus (E10-E14),M,Other Race/ Ethnicity,18
911,Influenza (Flu) and Pneumonia (J09-J18),F,Hispanic,209
912,Diabetes Mellitus (E10-E14),M,Black Non-Hispanic,246
913,Malignant Neoplasms (Cancer: C00-C97),M,Asian and Pacific Islander,622
914,All Other Causes,M,Black Non-Hispanic,1163
915,Diabetes Mellitus (E10-E14),M,Black Non-Hispanic,265
916,"Diseases of Heart (I00-I09, I11, I13, I20-I51)",M,,70
917,All Other Causes,M,Other Race/ Ethnicity,74
918,Malignant Neoplasms (Cancer: C00-C97),M,,45
919,"Essential Hypertension and Renal Diseases (I10, I12)",F,Asian and Pacific Islander,33
920,Influenza (Flu) and Pneumonia (J09-J18),M,Black Non-Hispanic,229
921,Human Immunodeficiency Virus Disease (HIV: B20-B24),M,Black Non-Hispanic,204
922,Influenza (Flu) and Pneumonia (J09-J18),M,Hispanic,235
923,Influenza (Flu) and Pneumonia (J09-J18),F,Asian and Pacific Islander,74
924,Certain Conditions originating in the Perinatal Period (P00-P96),F,,11
925,"Diseases of Heart (I00-I09, I11, I13, I20-I51)",F,White Non-Hispanic,5016
926,Influenza (Flu) and Pneumonia (J09-J18),M,,8
927,"Essential Hypertension and Renal Diseases (I10, I12)",M,Black Non-Hispanic,178
928,Diabetes Mellitus (E10-E14),F,Black Non-Hispanic,384
929,Diabetes Mellitus (E10-E14),M,Black Non-Hispanic,318
930,"Essential Hypertension and Renal Diseases (I10, I12)",M,,15
931,Cerebrovascular Disease (Stroke: I60-I69),M,Black Non-Hispanic,213
932,Cerebrovascular Disease (Stroke: I60-I69),F,Black Non-Hispanic,267
933,Diabetes Mellitus (E10-E14),F,White Non-Hispanic,231
934,"Diseases of Heart (I00-I09, I11, I13, I20-I51)",M,Black Non-Hispanic,1958
935,Chronic Lower Respiratory Diseases (J40-J47),M,,14
936,"Essential Hypertension and Renal Diseases (I10, I12)",F,,.
937,Influenza (Flu) and Pneumonia (J09-J18),M,Asian and Pacific Islander,90
938,"Nephritis, Nephrotic Syndrome and Nephrisis (N00-N07, N17-N19, N25-N27)",F,Black Non-Hispanic,71
939,"Diseases of Heart (I00-I09, I11, I13, I20-I51)",F,Other Race/ Ethnicity,31
940,Chronic Lower Respiratory Diseases (J40-J47),M,White Non-Hispanic,345
941,"Assault (Homicide: Y87.1, X85-Y09)",M,Other Race/ Ethnicity,.
942,Influenza (Flu) and Pneumonia (J09-J18),M,Black Non-Hispanic,207
943,Cerebrovascular Disease (Stroke: I60-I69),M,White Non-Hispanic,290
944,Alzheimer's Disease (G30),M,Other Race/ Ethnicity,.
945,Diabetes Mellitus (E10-E14),M,Hispanic,177
946,"Accidents Except Drug Posioning (V01-X39, X43, X45-X59, Y85-Y86)",M,Black Non-Hispanic,159
947,"Intentional Self-Harm (Suicide: X60-X84, Y87.0)",M,Asian and Pacific Islander,36
948,"Diseases of Heart (I00-I09, I11, I13, I20-I51)",F,,76
949,Certain Conditions originating in the Perinatal Period (P00-P96),F,Other Race/ Ethnicity,.
950,"Intentional Self-Harm (Suicide: X60-X84, Y87.0)",F,Asian and Pacific Islander,17
951,"Essential Hypertension and Renal Diseases (I10, I12)",F,Asian and Pacific Islander,18
952,Malignant Neoplasms (Cancer: C00-C97),M,Black Non-Hispanic,1532
953,Alzheimer's Disease (G30),F,White Non-Hispanic,222
954,Certain Conditions originating in the Perinatal Period (P00-P96),M,,6
955,"Assault (Homicide: Y87.1, X85-Y09)",F,,.
956,Human Immunodeficiency Virus Disease (HIV: B20-B24),M,Hispanic,222
957,All Other Causes,F,Hispanic,1135
958,"Diseases of Heart (I00-I09, I11, I13, I20-I51)",M,Black Non-Hispanic,2121
959,Malignant Neoplasms (Cancer: C00-C97),F,Hispanic,1154
960,All Other Causes,M,Other Race/ Ethnicity,27
961,Human Immunodeficiency Virus Disease (HIV: B20-B24),F,Hispanic,96
962,Diabetes Mellitus (E10-E14),F,Hispanic,209
963,"Diseases of Heart (I00-I09, I11, I13, I20-I51)",M,Black Non-Hispanic,1940
964,"Accidents Except Drug Posioning (V01-X39, X43, X45-X59, Y85-Y86)",M,Other Race/ Ethnicity,5
965,"Accidents Except Drug Posioning (V01-X39, X43, X45-X59, Y85-Y86)",M,Hispanic,176
966,Cerebrovascular Disease (Stroke: I60-I69),F,Other Race/ Ethnicity,.
967,Malignant Neoplasms (Cancer: C00-C97),M,Hispanic,1126
968,Chronic Lower Respiratory Diseases (J40-J47),M,White Non-Hispanic,347
969,Chronic Lower Respiratory Diseases (J40-J47),M,Black Non-Hispanic,184
970,"Accidents Except Drug Posioning (V01-X39, X43, X45-X59, Y85-Y86)",F,Asian and Pacific Islander,32
971,All Other Causes,F,Hispanic,775
972,"Diseases of Heart (I00-I09, I11, I13, I20-I51)",F,Black Non-Hispanic,2535
973,Alzheimer's Disease (G30),F,White Non-Hispanic,276
974,Chronic Lower Respiratory Diseases (J40-J47),F,Black Non-Hispanic,206
975,"Mental and Behavioral Disorders due to Accidental Poisoning and Other Psychoactive Substance Use (F11-F16, F18-F19, X40-X42, X44)",M,White Non-Hispanic,261
976,Human Immunodeficiency Virus Disease (HIV: B20-B24),M,Black Non-Hispanic,196
977,Cerebrovascular Disease (Stroke: I60-I69),M,Asian and Pacific Islander,79
978,"Assault (Homicide: Y87.1, X85-Y09)",M,Black Non-Hispanic,266
979,"Nephritis, Nephrotic Syndrome and Nephrisis (N00-N07, N17-N19, N25-N27)",F,Black Non-Hispanic,76
980,Malignant Neoplasms (Cancer: C00-C97),M,White Non-Hispanic,3361
981,Influenza (Flu) and Pneumonia (J09-J18),F,Asian and Pacific Islander,74
982,"Diseases of Heart (I00-I09, I11, I13, I20-I51)",F,,82
983,"Accidents Except Drug Posioning (V01-X39, X43, X45-X59, Y85-Y86)",M,White Non-Hispanic,258
984,Alzheimer's Disease (G30),F,Asian and Pacific Islander,26
985,"Essential Hypertension and Renal Diseases (I10, I12)",F,Hispanic,101
986,"Assault (Homicide: Y87.1, X85-Y09)",M,Black Non-Hispanic,174
987,All Other Causes,F,White Non-Hispanic,2444
988,"Diseases of Heart (I00-I09, I11, I13, I20-I51)",M,Hispanic,1201
989,All Other Causes,M,,96
990,"Diseases of Heart (I00-I09, I11, I13, I20-I51)",M,Other Race/ Ethnicity,36
991,All Other Causes,M,Hispanic,1167
992,"Diseases of Heart (I00-I09, I11, I13, I20-I51)",F,Other Race/ Ethnicity,35
993,Diabetes Mellitus (E10-E14),F,White Non-Hispanic,228
994,Influenza (Flu) and Pneumonia (J09-J18),M,Other Race/ Ethnicity,.
995,Malignant Neoplasms (Cancer: C00-C97),F,Black Non-Hispanic,1852
996,All Other Causes,M,White Non-Hispanic,2165
997,"Essential Hypertension and Renal Diseases (I10, I12)",F,Hispanic,103
998,"Accidents Except Drug Posioning (V01-X39, X43, X45-X59, Y85-Y86)",F,White Non-Hispanic,169
999,Alzheimer's Disease (G30),F,Other Race/ Ethnicity,.
1000,"Accidents Except Drug Posioning (V01-X39, X43, X45-X59, Y85-Y86)",M,Hispanic,154
1001,Human Immunodeficiency Virus Disease (HIV: B20-B24),M,Black Non-Hispanic,297
1002,Malignant Neoplasms (Cancer: C00-C97),M,,27
1003,Certain Conditions originating in the Perinatal Period (P00-P96),F,,6
1004,"Intentional Self-Harm (Suicide: X60-X84, Y87.0)",F,Other Race/ Ethnicity,5
1005,Malignant Neoplasms (Cancer: C00-C97),F,,50
1006,"Chronic Liver Disease and Cirrhosis (K70, K73)",M,Other Race/ Ethnicity,.
1007,Malignant Neoplasms (Cancer: C00-C97),F,White Non-Hispanic,3153
1008,"Diseases of Heart (I00-I09, I11, I13, I20-I51)",M,Asian and Pacific Islander,531
1009,Diabetes Mellitus (E10-E14),F,Other Race/ Ethnicity,.
1010,"Diseases of Heart (I00-I09, I11, I13, I20-I51)",F,Asian and Pacific Islander,448
1011,All Other Causes,F,Asian and Pacific Islander,238
1012,Malignant Neoplasms (Cancer: C00-C97),M,Black Non-Hispanic,1557
1013,All Other Causes,F,Hispanic,1025
1014,"Diseases of Heart (I00-I09, I11, I13, I20-I51)",M,Hispanic,1281
1015,Influenza (Flu) and Pneumonia (J09-J18),F,,18
1016,Malignant Neoplasms (Cancer: C00-C97),M,Black Non-Hispanic,1590
1017,Chronic Lower Respiratory Diseases (J40-J47),F,White Non-Hispanic,501
1018,"Essential Hypertension and Renal Diseases (I10, I12)",M,White Non-Hispanic,175
1019,Influenza (Flu) and Pneumonia (J09-J18),F,,.
1020,"Chronic Liver Disease and Cirrhosis (K70, K73)",M,Asian and Pacific Islander,17
1021,Cerebrovascular Disease (Stroke: I60-I69),F,Other Race/ Ethnicity,8
1022,Insitu or Benign / Uncertain Neoplasms (D00-D48),F,,.
1023,"Accidents Except Drug Posioning (V01-X39, X43, X45-X59, Y85-Y86)",F,Hispanic,64
1024,"Diseases of Heart (I00-I09, I11, I13, I20-I51)",F,Other Race/ Ethnicity,40
1025,All Other Causes,F,Asian and Pacific Islander,339
1026,Diabetes Mellitus (E10-E14),F,,5
1027,Malignant Neoplasms (Cancer: C00-C97),M,Other Race/ Ethnicity,50
1028,"Intentional Self-Harm (Suicide: X60-X84, Y87.0)",F,Asian and Pacific Islander,28
1029,Diabetes Mellitus (E10-E14),M,,7
1030,"Diseases of Heart (I00-I09, I11, I13, I20-I51)",F,Hispanic,1418
1031,Cerebrovascular Disease (Stroke: I60-I69),F,Asian and Pacific Islander,70
1032,Diabetes Mellitus (E10-E14),M,Other Race/ Ethnicity,.
1033,"Diseases of Heart (I00-I09, I11, I13, I20-I51)",M,Hispanic,1330
1034,"Diseases of Heart (I00-I09, I11, I13, I20-I51)",M,White Non-Hispanic,3990
1035,All Other Causes,M,,78
1036,"Intentional Self-Harm (Suicide: X60-X84, Y87.0)",M,Asian and Pacific Islander,41
1037,Influenza (Flu) and Pneumonia (J09-J18),M,Other Race/ Ethnicity,7
1038,All Other Causes,F,Other Race/ Ethnicity,22
1039,"Congenital Malformations, Deformations, and Chromosomal Abnormalities (Q00-Q99)",F,,8
1040,Certain Conditions originating in the Perinatal Period (P00-P96),F,,.
1041,Chronic Lower Respiratory Diseases (J40-J47),M,Asian and Pacific Islander,43
1042,Influenza (Flu) and Pneumonia (J09-J18),F,,14
1043,Diabetes Mellitus (E10-E14),F,,.
1044,"Diseases of Heart (I00-I09, I11, I13, I20-I51)",F,Asian and Pacific Islander,402
1045,All Other Causes,F,Other Race/ Ethnicity,39
1046,"Accidents Except Drug Posioning (V01-X39, X43, X45-X59, Y85-Y86)",M,White Non-Hispanic,271
1047,Influenza (Flu) and Pneumonia (J09-J18),M,Black Non-Hispanic,242
1048,"Intentional Self-Harm (Suicide: X60-X84, Y87.0)",M,Other Race/ Ethnicity,.
1049,Diabetes Mellitus (E10-E14),M,Other Race/ Ethnicity,11
1050,"Essential Hypertension and Renal Diseases (I10, I12)",M,White Non-Hispanic,153
1051,"Accidents Except Drug Posioning (V01-X39, X43, X45-X59, Y85-Y86)",F,White Non-Hispanic,162
1052,Cerebrovascular Disease (Stroke: I60-I69),F,Black Non-Hispanic,259
1053,"Mental and Behavioral Disorders due to Accidental Poisoning and Other Psychoactive Substance Use (F11-F16, F18-F19, X40-X42, X44)",M,,6
1054,"Accidents Except Drug Posioning (V01-X39, X43, X45-X59, Y85-Y86)",M,Hispanic,180
1055,Malignant Neoplasms (Cancer: C00-C97),F,Black Non-Hispanic,1784
1056,"Intentional Self-Harm (Suicide: X60-X84, Y87.0)",M,White Non-Hispanic,182
1057,Diabetes Mellitus (E10-E14),M,Asian and Pacific Islander,76
1058,"Diseases of Heart (I00-I09, I11, I13, I20-I51)",F,Other Race/ Ethnicity,41
1059,"Accidents Except Drug Posioning (V01-X39, X43, X45-X59, Y85-Y86)",M,Asian and Pacific Islander,61
1060,Malignant Neoplasms (Cancer: C00-C97),M,,53
1061,"Diseases of Heart (I00-I09, I11, I13, I20-I51)",F,White Non-Hispanic,5351
1062,Chronic Lower Respiratory Diseases (J40-J47),F,,12
1063,All Other Causes,M,Black Non-Hispanic,1230
1064,Alzheimer's Disease (G30),F,Black Non-Hispanic,123
1065,Cerebrovascular Disease (Stroke: I60-I69),M,Black Non-Hispanic,154
1066,Cerebrovascular Disease (Stroke: I60-I69),F,Asian and Pacific Islander,102
1067,Chronic Lower Respiratory Diseases (J40-J47),M,Hispanic,132
1068,"Essential Hypertension and Renal Diseases (I10, I12)",F,White Non-Hispanic,219
1069,"Accidents Except Drug Posioning (V01-X39, X43, X45-X59, Y85-Y86)",F,Black Non-Hispanic,70
1070,"Chronic Liver Disease and Cirrhosis (K70, K73)",F,Hispanic,66
1071,"Accidents Except Drug Posioning (V01-X39, X43, X45-X59, Y85-Y86)",M,Black Non-Hispanic,158
1072,"Accidents Except Drug Posioning (V01-X39, X43, X45-X59, Y85-Y86)",F,White Non-Hispanic,178
1073,"Mental and Behavioral Disorders due to Accidental Poisoning and Other Psychoactive Substance Use (F11-F16, F18-F19, X40-X42, X44)",M,Hispanic,138
1074,"Accidents Except Drug Posioning (V01-X39, X43, X45-X59, Y85-Y86)",M,Hispanic,189
1075,"Accidents Except Drug Posioning (V01-X39, X43, X45-X59, Y85-Y86)",F,Hispanic,56
1076,Chronic Lower Respiratory Diseases (J40-J47),M,,11
1077,"Intentional Self-Harm (Suicide: X60-X84, Y87.0)",F,Other Race/ Ethnicity,.
1078,Human Immunodeficiency Virus Disease (HIV: B20-B24),F,Hispanic,109
1079,"Chronic Liver Disease and Cirrhosis (K70, K73)",M,Other Race/ Ethnicity,.
1080,Cerebrovascular Disease (Stroke: I60-I69),F,,5
1081,All Other Causes,F,Asian and Pacific Islander,278
1082,Malignant Neoplasms (Cancer: C00-C97),F,Other Race/ Ethnicity,21
1083,Influenza (Flu) and Pneumonia (J09-J18),M,Other Race/ Ethnicity,5
1084,Human Immunodeficiency Virus Disease (HIV: B20-B24),F,,7
1085,Influenza (Flu) and Pneumonia (J09-J18),F,Other Race/ Ethnicity,.
1086,Chronic Lower Respiratory Diseases (J40-J47),M,Hispanic,111
1087,Malignant Neoplasms (Cancer: C00-C97),F,Black Non-Hispanic,1756
1088,Chronic Lower Respiratory Diseases (J40-J47),M,Other Race/ Ethnicity,.
1089,Influenza (Flu) and Pneumonia (J09-J18),M,,11
1090,"Diseases of Heart (I00-I09, I11, I13, I20-I51)",M,,86
1091,Malignant Neoplasms (Cancer: C00-C97),M,Black Non-Hispanic,1464
1092,Diabetes Mellitus (E10-E14),F,Other Race/ Ethnicity,11
1093,"Accidents Except Drug Posioning (V01-X39, X43, X45-X59, Y85-Y86)",M,Asian and Pacific Islander,55
1094,"Diseases of Heart (I00-I09, I11, I13, I20-I51)",M,Hispanic,1603
1095,Malignant Neoplasms (Cancer: C00-C97),M,Hispanic,1164
1096,"Mental and Behavioral Disorders due to Accidental Poisoning and Other Psychoactive Substance Use (F11-F16, F18-F19, X40-X42, X44)",M,Hispanic,423
1097,Diabetes Mellitus (E10-E14),M,Hispanic,245
1098,Influenza (Flu) and Pneumonia (J09-J18),M,Hispanic,182
1099,Cerebrovascular Disease (Stroke: I60-I69),M,Hispanic,182
1100,"Accidents Except Drug Poisoning (V01-X39, X43, X45-X59, Y85-Y86)",M,Hispanic,174
1101,"Chronic Liver Disease and Cirrhosis (K70, K73-K74)",M,Hispanic,171
1102,Chronic Lower Respiratory Diseases (J40-J47),M,Hispanic,170
1103,"Essential Hypertension and Renal Diseases (I10, I12)",M,Hispanic,135
1104,All Other Causes,M,Hispanic,1395
1105,"Diseases of Heart (I00-I09, I11, I13, I20-I51)",M,Asian and Pacific Islander,731
1106,Malignant Neoplasms (Cancer: C00-C97),M,Asian and Pacific Islander,671
1107,Cerebrovascular Disease (Stroke: I60-I69),M,Asian and Pacific Islander,105
1108,Influenza (Flu) and Pneumonia (J09-J18),M,Asian and Pacific Islander,92
1109,Chronic Lower Respiratory Diseases (J40-J47),M,Asian and Pacific Islander,80
1110,Diabetes Mellitus (E10-E14),M,Asian and Pacific Islander,76
1111,"Essential Hypertension and Renal Diseases (I10, I12)",M,Asian and Pacific Islander,56
1112,"Accidents Except Drug Poisoning (V01-X39, X43, X45-X59, Y85-Y86)",M,Asian and Pacific Islander,52
1113,"Intentional Self-Harm (Suicide: U03, X60-X84, Y87.0)",M,Asian and Pacific Islander,48
1114,Alzheimer's Disease (G30),M,Asian and Pacific Islander,41
1115,All Other Causes,M,Asian and Pacific Islander,549
1116,"Diseases of Heart (I00-I09, I11, I13, I20-I51)",M,Non-Hispanic White,4034
1117,Malignant Neoplasms (Cancer: C00-C97),M,Non-Hispanic White,2785
1118,"Mental and Behavioral Disorders due to Accidental Poisoning and Other Psychoactive Substance Use (F11-F16, F18-F19, X40-X42, X44)",M,Non-Hispanic White,418
1119,Chronic Lower Respiratory Diseases (J40-J47),M,Non-Hispanic White,373
1120,Influenza (Flu) and Pneumonia (J09-J18),M,Non-Hispanic White,342
1121,"Accidents Except Drug Poisoning (V01-X39, X43, X45-X59, Y85-Y86)",M,Non-Hispanic White,272
1122,Cerebrovascular Disease (Stroke: I60-I69),M,Non-Hispanic White,266
1123,Diabetes Mellitus (E10-E14),M,Non-Hispanic White,248
1124,"Intentional Self-Harm (Suicide: U03, X60-X84, Y87.0)",M,Non-Hispanic White,194
1125,"Essential Hypertension and Renal Diseases (I10, I12)",M,Non-Hispanic White,181
1126,All Other Causes,M,Non-Hispanic White,2366
1127,"Diseases of Heart (I00-I09, I11, I13, I20-I51)",M,Non-Hispanic Black,2315
1128,Malignant Neoplasms (Cancer: C00-C97),M,Non-Hispanic Black,1421
1129,Diabetes Mellitus (E10-E14),M,Non-Hispanic Black,377
1130,"Mental and Behavioral Disorders due to Accidental Poisoning and Other Psychoactive Substance Use (F11-F16, F18-F19, X40-X42, X44)",M,Non-Hispanic Black,294
1131,Cerebrovascular Disease (Stroke: I60-I69),M,Non-Hispanic Black,228
1132,Influenza (Flu) and Pneumonia (J09-J18),M,Non-Hispanic Black,211
1133,Chronic Lower Respiratory Diseases (J40-J47),M,Non-Hispanic Black,210
1134,"Essential Hypertension and Renal Diseases (I10, I12)",M,Non-Hispanic Black,185
1135,"Assault (Homicide: U01-U02, Y87.1, X85-Y09)",M,Non-Hispanic Black,156
1136,"Accidents Except Drug Poisoning (V01-X39, X43, X45-X59, Y85-Y86)",M,Non-Hispanic Black,150
1137,All Other Causes,M,Non-Hispanic Black,1507
1138,"Diseases of Heart (I00-I09, I11, I13, I20-I51)",M,Other Race/ Ethnicity,66
1139,Malignant Neoplasms (Cancer: C00-C97),M,Other Race/ Ethnicity,32
1140,"Intentional Self-Harm (Suicide: U03, X60-X84, Y87.0)",M,Other Race/ Ethnicity,9
1141,Diabetes Mellitus (E10-E14),M,Other Race/ Ethnicity,9
1142,Cerebrovascular Disease (Stroke: I60-I69),M,Other Race/ Ethnicity,8
1143,"Essential Hypertension and Renal Diseases (I10, I12)",M,Other Race/ Ethnicity,5
1144,"Mental and Behavioral Disorders due to Accidental Poisoning and Other Psychoactive Substance Use (F11-F16, F18-F19, X40-X42, X44)",M,Other Race/ Ethnicity,5
1145,Chronic Lower Respiratory Diseases (J40-J47),M,Other Race/ Ethnicity,4
1146,Influenza (Flu) and Pneumonia (J09-J18),M,Other Race/ Ethnicity,4
1147,Mental and Behavioral Disorders due to Use of Alcohol (F10),M,Other Race/ Ethnicity,4
1148,"Accidents Except Drug Poisoning (V01-X39, X43, X45-X59, Y85-Y86)",M,Other Race/ Ethnicity,4
1149,"Chronic Liver Disease and Cirrhosis (K70, K73-K74)",M,Other Race/ Ethnicity,4
1150,All Other Causes,M,Other Race/ Ethnicity,27
1151,"Diseases of Heart (I00-I09, I11, I13, I20-I51)",M,Other Race/ Ethnicity,19
1152,Malignant Neoplasms (Cancer: C00-C97),M,Other Race/ Ethnicity,15
1153,Influenza (Flu) and Pneumonia (J09-J18),M,Other Race/ Ethnicity,6
1154,"Mental and Behavioral Disorders due to Accidental Poisoning and Other Psychoactive Substance Use (F11-F16, F18-F19, X40-X42, X44)",M,Other Race/ Ethnicity,5
1155,Diabetes Mellitus (E10-E14),M,Other Race/ Ethnicity,3
1156,"Congenital Malformations, Deformations, and Chromosomal Abnormalities (Q00-Q99)",M,Other Race/ Ethnicity,3
1157,"Assault (Homicide: U01-U02, Y87.1, X85-Y09)",M,Other Race/ Ethnicity,2
1158,Aortic Aneurysm and Dissection (I71),M,Other Race/ Ethnicity,2
1159,"Intentional Self-Harm (Suicide: U03, X60-X84, Y87.0)",M,Other Race/ Ethnicity,2
1160,Viral Hepatitis (B15-B19),M,Other Race/ Ethnicity,1
1161,Septicemia (A40-A41),M,Other Race/ Ethnicity,1
1162,Mental and Behavioral Disorders due to Use of Alcohol (F10),M,Other Race/ Ethnicity,1
1163,"Complications of Medical and Surgical Care (Y40-Y84, Y88)",M,Other Race/ Ethnicity,1
1164,"Essential Hypertension and Renal Diseases (I10, I12)",M,Other Race/ Ethnicity,1
1165,"Accidents Except Drug Poisoning (V01-X39, X43, X45-X59, Y85-Y86)",M,Other Race/ Ethnicity,1
1166,Cerebrovascular Disease (Stroke: I60-I69),M,Other Race/ Ethnicity,1
1167,Human Immunodeficiency Virus Disease (HIV: B20-B24),M,Other Race/ Ethnicity,1
1168,Alzheimer's Disease (G30),M,Other Race/ Ethnicity,1
1169,Cholelithiasis and Disorders of Gallbladder (K80-K82),M,Other Race/ Ethnicity,1
1170,All Other Causes,M,Other Race/ Ethnicity,10
1171,"Diseases of Heart (I00-I09, I11, I13, I20-I51)",M,,193
1172,Malignant Neoplasms (Cancer: C00-C97),M,,75
1173,Diabetes Mellitus (E10-E14),M,,34
1174,Chronic Lower Respiratory Diseases (J40-J47),M,,22
1175,"Mental and Behavioral Disorders due to Accidental Poisoning and Other Psychoactive Substance Use (F11-F16, F18-F19, X40-X42, X44)",M,,17
1176,"Accidents Except Drug Poisoning (V01-X39, X43, X45-X59, Y85-Y86)",M,,15
1177,Influenza (Flu) and Pneumonia (J09-J18),M,,14
1178,Mental and Behavioral Disorders due to Use of Alcohol (F10),M,,14
1179,Certain Conditions originating in the Perinatal Period (P00-P96),M,,14
1180,"Chronic Liver Disease and Cirrhosis (K70, K73-K74)",M,,14
1181,All Other Causes,M,,125
1182,"Diseases of Heart (I00-I09, I11, I13, I20-I51)",F,Hispanic,1574
1183,Malignant Neoplasms (Cancer: C00-C97),F,Hispanic,1182
1184,Cerebrovascular Disease (Stroke: I60-I69),F,Hispanic,249
1185,Alzheimer's Disease (G30),F,Hispanic,231
1186,Diabetes Mellitus (E10-E14),F,Hispanic,214
1187,Chronic Lower Respiratory Diseases (J40-J47),F,Hispanic,178
1188,Influenza (Flu) and Pneumonia (J09-J18),F,Hispanic,156
1189,"Essential Hypertension and Renal Diseases (I10, I12)",F,Hispanic,151
1190,"Mental and Behavioral Disorders due to Accidental Poisoning and Other Psychoactive Substance Use (F11-F16, F18-F19, X40-X42, X44)",F,Hispanic,104
1191,"Accidents Except Drug Poisoning (V01-X39, X43, X45-X59, Y85-Y86)",F,Hispanic,98
1192,All Other Causes,F,Hispanic,1279
1193,"Diseases of Heart (I00-I09, I11, I13, I20-I51)",F,Asian and Pacific Islander,623
1194,Malignant Neoplasms (Cancer: C00-C97),F,Asian and Pacific Islander,582
1195,Cerebrovascular Disease (Stroke: I60-I69),F,Asian and Pacific Islander,110
1196,Diabetes Mellitus (E10-E14),F,Asian and Pacific Islander,78
1197,Influenza (Flu) and Pneumonia (J09-J18),F,Asian and Pacific Islander,67
1198,"Essential Hypertension and Renal Diseases (I10, I12)",F,Asian and Pacific Islander,66
1199,Alzheimer's Disease (G30),F,Asian and Pacific Islander,50
1200,Chronic Lower Respiratory Diseases (J40-J47),F,Asian and Pacific Islander,40
1201,"Intentional Self-Harm (Suicide: U03, X60-X84, Y87.0)",F,Asian and Pacific Islander,40
1202,"Accidents Except Drug Poisoning (V01-X39, X43, X45-X59, Y85-Y86)",F,Asian and Pacific Islander,40
1203,All Other Causes,F,Asian and Pacific Islander,401
1204,"Diseases of Heart (I00-I09, I11, I13, I20-I51)",F,Non-Hispanic White,4001
1205,Malignant Neoplasms (Cancer: C00-C97),F,Non-Hispanic White,2655
1206,Chronic Lower Respiratory Diseases (J40-J47),F,Non-Hispanic White,480
1207,Cerebrovascular Disease (Stroke: I60-I69),F,Non-Hispanic White,390
1208,Alzheimer's Disease (G30),F,Non-Hispanic White,341
1209,Influenza (Flu) and Pneumonia (J09-J18),F,Non-Hispanic White,308
1210,"Essential Hypertension and Renal Diseases (I10, I12)",F,Non-Hispanic White,228
1211,Diabetes Mellitus (E10-E14),F,Non-Hispanic White,197
1212,"Accidents Except Drug Poisoning (V01-X39, X43, X45-X59, Y85-Y86)",F,Non-Hispanic White,167
1213,"Mental and Behavioral Disorders due to Accidental Poisoning and Other Psychoactive Substance Use (F11-F16, F18-F19, X40-X42, X44)",F,Non-Hispanic White,125
1214,All Other Causes,F,Non-Hispanic White,2264
1215,"Diseases of Heart (I00-I09, I11, I13, I20-I51)",F,Non-Hispanic Black,2483
1216,Malignant Neoplasms (Cancer: C00-C97),F,Non-Hispanic Black,1753
1217,Diabetes Mellitus (E10-E14),F,Non-Hispanic Black,383
1218,Cerebrovascular Disease (Stroke: I60-I69),F,Non-Hispanic Black,316
1219,"Essential Hypertension and Renal Diseases (I10, I12)",F,Non-Hispanic Black,290
1220,Chronic Lower Respiratory Diseases (J40-J47),F,Non-Hispanic Black,242
1221,Influenza (Flu) and Pneumonia (J09-J18),F,Non-Hispanic Black,227
1222,Alzheimer's Disease (G30),F,Non-Hispanic Black,171
1223,"Mental and Behavioral Disorders due to Accidental Poisoning and Other Psychoactive Substance Use (F11-F16, F18-F19, X40-X42, X44)",F,Non-Hispanic Black,120
1224,"Nephritis, Nephrotic Syndrome and Nephrisis (N00-N07, N17-N19, N25-N27)",F,Non-Hispanic Black,96
1225,All Other Causes,F,Non-Hispanic Black,1578
1226,"Diseases of Heart (I00-I09, I11, I13, I20-I51)",F,Other Race/ Ethnicity,39
1227,Malignant Neoplasms (Cancer: C00-C97),F,Other Race/ Ethnicity,35
1228,Diabetes Mellitus (E10-E14),F,Other Race/ Ethnicity,14
1229,Cerebrovascular Disease (Stroke: I60-I69),F,Other Race/ Ethnicity,9
1230,"Essential Hypertension and Renal Diseases (I10, I12)",F,Other Race/ Ethnicity,5
1231,"Mental and Behavioral Disorders due to Accidental Poisoning and Other Psychoactive Substance Use (F11-F16, F18-F19, X40-X42, X44)",F,Other Race/ Ethnicity,3
1232,"Assault (Homicide: U01-U02, Y87.1, X85-Y09)",F,Other Race/ Ethnicity,3
1233,"Accidents Except Drug Poisoning (V01-X39, X43, X45-X59, Y85-Y86)",F,Other Race/ Ethnicity,3
1234,Alzheimer's Disease (G30),F,Other Race/ Ethnicity,3
1235,Influenza (Flu) and Pneumonia (J09-J18),F,Other Race/ Ethnicity,2
1236,"Complications of Medical and Surgical Care (Y40-Y84, Y88)",F,Other Race/ Ethnicity,2
1237,Septicemia (A40-A41),F,Other Race/ Ethnicity,2
1238,Insitu or Benign / Uncertain Neoplasms (D00-D48),F,Other Race/ Ethnicity,2
1239,All Other Causes,F,Other Race/ Ethnicity,28
1240,"Diseases of Heart (I00-I09, I11, I13, I20-I51)",F,Other Race/ Ethnicity,30
1241,Malignant Neoplasms (Cancer: C00-C97),F,Other Race/ Ethnicity,17
1242,Influenza (Flu) and Pneumonia (J09-J18),F,Other Race/ Ethnicity,5
1243,Alzheimer's Disease (G30),F,Other Race/ Ethnicity,3
1244,Chronic Lower Respiratory Diseases (J40-J47),F,Other Race/ Ethnicity,2
1245,Cerebrovascular Disease (Stroke: I60-I69),F,Other Race/ Ethnicity,2
1246,"Essential Hypertension and Renal Diseases (I10, I12)",F,Other Race/ Ethnicity,2
1247,"Nephritis, Nephrotic Syndrome and Nephrisis (N00-N07, N17-N19, N25-N27)",F,Other Race/ Ethnicity,2
1248,"Mental and Behavioral Disorders due to Accidental Poisoning and Other Psychoactive Substance Use (F11-F16, F18-F19, X40-X42, X44)",F,Other Race/ Ethnicity,1
1249,Mental and Behavioral Disorders due to Use of Alcohol (F10),F,Other Race/ Ethnicity,1
1250,Diabetes Mellitus (E10-E14),F,Other Race/ Ethnicity,1
1251,"Intentional Self-Harm (Suicide: U03, X60-X84, Y87.0)",F,Other Race/ Ethnicity,1
1252,"Accidents Except Drug Poisoning (V01-X39, X43, X45-X59, Y85-Y86)",F,Other Race/ Ethnicity,1
1253,"Congenital Malformations, Deformations, and Chromosomal Abnormalities (Q00-Q99)",F,Other Race/ Ethnicity,1
1254,Septicemia (A40-A41),F,Other Race/ Ethnicity,1
1255,Anemias (D50-D64),F,Other Race/ Ethnicity,1
1256,Cholelithiasis and Disorders of Gallbladder (K80-K82),F,Other Race/ Ethnicity,1
1257,Parkinson's Disease (G20),F,Other Race/ Ethnicity,1
1258,Peptic Ulcer (K25-K28),F,Other Race/ Ethnicity,1
1259,All Other Causes,F,Other Race/ Ethnicity,17
1260,"Diseases of Heart (I00-I09, I11, I13, I20-I51)",F,,110
1261,Malignant Neoplasms (Cancer: C00-C97),F,,61
1262,Diabetes Mellitus (E10-E14),F,,15
1263,Chronic Lower Respiratory Diseases (J40-J47),F,,12
1264,Cerebrovascular Disease (Stroke: I60-I69),F,,11
1265,"Essential Hypertension and Renal Diseases (I10, I12)",F,,10
1266,"Accidents Except Drug Poisoning (V01-X39, X43, X45-X59, Y85-Y86)",F,,9
1267,Influenza (Flu) and Pneumonia (J09-J18),F,,8
1268,Certain Conditions originating in the Perinatal Period (P00-P96),F,,7
1269,"Mental and Behavioral Disorders due to Accidental Poisoning and Other Psychoactive Substance Use (F11-F16, F18-F19, X40-X42, X44)",F,,5
1270,"Intentional Self-Harm (Suicide: U03, X60-X84, Y87.0)",F,,5
1271,All Other Causes,F,,64
